genotype_id,crop,site,season,rep,block,row,tree_position,evaluation_date,evaluator,fruit_weight_g,brix_content,acidity_percent,juice_content_ml,rind_thickness_mm,seed_count,yield_kg_per_tree,days_to_maturity
CIT-2018-0001,citrus,Hoedspruit_A,2023-2024,1,B1,11,13,2024-05-11,TM_02,133.23,12.1,1.48,92.94,4.71,6.0,113.5,223.54
CIT-2018-0001,citrus,Hoedspruit_A,2023-2024,2,B1,8,15,2024-05-22,TM_01,141.75,12.73,1.49,89.83,4.84,6.0,119.57,234.02
CIT-2018-0001,citrus,Hoedspruit_A,2023-2024,3,B1,10,8,2024-05-18,KM_01,189.33,9.73,1.25,83.09,6.26,7.0,105.77,236.54
CIT-2018-0002,citrus,Hoedspruit_A,2023-2024,1,B2,1,9,2024-05-13,KM_01,150.61,11.75,1.44,77.83,5.0,6.0,175.16,232.02
CIT-2018-0002,citrus,Hoedspruit_A,2023-2024,2,B2,5,22,2024-05-23,TM_01,174.95,9.19,1.18,80.45,4.2,4.0,115.52,249.14
CIT-2018-0002,citrus,Hoedspruit_A,2023-2024,3,B1,14,20,2024-06-09,TM_01,189.57,11.54,1.37,83.19,0.51,13.0,158.94,268.51
CIT-2018-0003,citrus,Hoedspruit_A,2023-2024,1,B1,10,6,2024-05-19,KM_01,168.91,12.08,1.09,84.73,3.32,8.0,132.1,240.5
CIT-2018-0003,citrus,Hoedspruit_A,2023-2024,2,B2,6,2,2024-05-29,TM_01,173.45,9.75,1.67,96.91,3.13,15.0,133.53,274.74
CIT-2018-0003,citrus,Hoedspruit_A,2023-2024,3,B2,14,21,2024-05-04,KM_01,194.2,11.19,1.07,74.94,2.86,9.0,157.72,255.47
CIT-2018-0004,citrus,Hoedspruit_A,2023-2024,1,B1,4,9,2024-05-20,TM_01,198.17,13.76,1.29,89.02,4.78,8.0,138.64,210.7
CIT-2018-0004,citrus,Hoedspruit_A,2023-2024,2,B1,4,24,2024-05-22,KM_01,187.75,9.77,1.51,106.47,3.33,11.0,100.45,237.41
CIT-2018-0004,citrus,Hoedspruit_A,2023-2024,3,B3,10,15,2024-05-26,KM_01,202.98,8.76,1.14,102.14,5.41,8.0,115.59,229.53
CIT-2018-0005,citrus,Hoedspruit_A,2023-2024,1,B1,10,19,2024-06-01,TM_02,181.93,11.54,1.27,74.32,6.98,14.0,155.26,235.0
CIT-2018-0005,citrus,Hoedspruit_A,2023-2024,2,B1,1,3,2024-05-13,TM_01,193.42,9.03,0.71,82.13,6.56,12.0,115.56,238.87
CIT-2018-0005,citrus,Hoedspruit_A,2023-2024,3,B1,7,24,2024-06-08,KM_01,173.43,7.8,1.07,88.12,5.37,6.0,138.18,231.48
CIT-2018-0006,citrus,Hoedspruit_A,2023-2024,1,B1,4,2,2024-05-25,TM_01,204.12,10.08,1.37,61.64,4.69,12.0,108.99,218.39
CIT-2018-0006,citrus,Hoedspruit_A,2023-2024,2,B2,1,19,2024-06-13,TM_02,180.14,11.03,1.71,66.01,4.65,10.0,141.53,244.23
CIT-2018-0006,citrus,Hoedspruit_A,2023-2024,3,B1,11,7,2024-05-19,KM_01,225.13,9.6,1.87,77.74,5.21,11.0,118.69,246.18
CIT-2018-0007,citrus,Hoedspruit_A,2023-2024,1,B3,7,17,2024-05-08,KM_01,227.13,9.48,0.89,79.47,4.45,7.0,93.78,267.13
CIT-2018-0007,citrus,Hoedspruit_A,2023-2024,2,B3,9,10,2024-05-27,TM_02,205.77,9.54,1.19,76.76,4.2,6.0,95.04,217.74
CIT-2018-0007,citrus,Hoedspruit_A,2023-2024,3,B1,3,1,2024-05-25,KM_01,204.39,12.25,1.21,90.86,2.62,10.0,113.86,274.37
CIT-2018-0008,citrus,Hoedspruit_A,2023-2024,1,B2,4,9,2024-05-25,KM_01,158.74,9.12,1.44,85.85,4.8,,99.66,239.93
CIT-2018-0008,citrus,Hoedspruit_A,2023-2024,2,B3,6,2,2024-05-02,KM_01,179.25,9.06,1.27,,6.42,6.0,119.06,226.56
CIT-2018-0008,citrus,Hoedspruit_A,2023-2024,3,B1,9,17,2024-06-02,TM_01,165.61,8.69,1.1,99.33,5.61,0.0,150.29,232.05
CIT-2018-0009,citrus,Hoedspruit_A,2023-2024,1,B2,6,15,2024-05-16,TM_02,179.96,10.75,1.44,68.86,3.42,5.0,78.39,249.24
CIT-2018-0009,citrus,Hoedspruit_A,2023-2024,2,B3,9,17,2024-06-01,TM_01,194.63,10.42,1.03,82.16,4.54,8.0,131.24,242.99
CIT-2018-0009,citrus,Hoedspruit_A,2023-2024,3,B1,2,2,2024-05-23,TM_01,170.93,11.57,1.56,84.01,4.99,8.0,81.07,241.13
CIT-2018-0010,citrus,Hoedspruit_A,2023-2024,1,B3,13,2,2024-06-02,TM_01,204.01,11.22,1.56,,2.82,6.0,125.93,265.62
CIT-2018-0010,citrus,Hoedspruit_A,2023-2024,2,B1,12,9,2024-05-19,TM_01,210.16,11.78,1.23,94.29,3.52,10.0,96.6,227.11
CIT-2018-0010,citrus,Hoedspruit_A,2023-2024,3,B2,5,9,2024-05-25,KM_01,205.31,12.13,1.68,82.19,4.79,13.0,110.88,235.15
CIT-2018-0011,citrus,Hoedspruit_A,2023-2024,1,B3,14,20,2024-05-18,TM_01,188.35,12.21,1.69,76.16,5.87,8.0,106.01,263.49
CIT-2018-0011,citrus,Hoedspruit_A,2023-2024,2,B3,8,12,2024-05-04,TM_01,183.85,11.02,1.05,67.71,4.15,12.0,63.57,262.1
CIT-2018-0011,citrus,Hoedspruit_A,2023-2024,3,B3,6,5,2024-05-05,KM_01,166.51,11.41,1.2,99.22,3.6,7.0,67.22,239.99
CIT-2018-0012,citrus,Hoedspruit_A,2023-2024,1,B1,13,4,2024-05-24,KM_01,179.18,,0.99,89.89,4.64,5.0,155.2,237.88
CIT-2018-0012,citrus,Hoedspruit_A,2023-2024,2,B1,1,15,2024-05-28,TM_01,161.67,10.51,1.53,99.42,4.62,7.0,123.44,217.29
CIT-2018-0012,citrus,Hoedspruit_A,2023-2024,3,B3,14,24,2024-05-10,TM_01,203.78,,1.43,106.01,6.15,8.0,157.58,238.23
CIT-2018-0013,citrus,Hoedspruit_A,2023-2024,1,B1,3,4,2024-05-02,TM_02,179.34,8.0,1.48,110.61,6.21,12.0,109.18,227.3
CIT-2018-0013,citrus,Hoedspruit_A,2023-2024,2,B1,11,7,2024-05-23,KM_01,186.97,11.48,0.58,94.76,3.3,12.0,127.37,247.83
CIT-2018-0013,citrus,Hoedspruit_A,2023-2024,3,B3,6,8,2024-05-13,KM_01,178.81,10.68,1.0,90.63,5.35,7.0,83.81,212.56
CIT-2018-0014,citrus,Hoedspruit_A,2023-2024,1,B1,7,7,2024-05-04,TM_01,178.66,11.01,1.11,84.28,4.8,12.0,142.94,238.4
CIT-2018-0014,citrus,Hoedspruit_A,2023-2024,2,B1,12,13,2024-06-01,TM_01,182.07,13.84,1.49,94.46,4.65,1.0,151.11,221.56
CIT-2018-0014,citrus,Hoedspruit_A,2023-2024,3,B2,5,3,2024-05-15,KM_01,187.74,14.15,1.45,115.91,4.06,10.0,115.76,219.54
CIT-2018-0015,citrus,Hoedspruit_A,2023-2024,1,B2,8,6,2024-05-09,KM_01,176.67,8.35,1.2,83.71,4.8,7.0,109.38,245.57
CIT-2018-0015,citrus,Hoedspruit_A,2023-2024,2,B2,5,7,2024-06-14,TM_02,185.27,10.62,1.64,76.38,3.65,3.0,104.57,234.01
CIT-2018-0015,citrus,Hoedspruit_A,2023-2024,3,B1,7,14,2024-05-06,KM_01,157.27,11.02,1.54,85.75,3.81,12.0,123.27,217.22
CIT-2018-0016,citrus,Hoedspruit_A,2023-2024,1,B3,10,5,2024-05-16,KM_01,191.27,9.89,1.38,92.97,6.08,12.0,154.08,277.16
CIT-2018-0016,citrus,Hoedspruit_A,2023-2024,2,B1,11,4,2024-05-12,KM_01,148.77,10.25,1.4,79.77,4.78,10.0,103.48,243.61
CIT-2018-0016,citrus,Hoedspruit_A,2023-2024,3,B3,1,2,2024-06-05,TM_01,178.35,8.74,1.58,102.74,4.99,7.0,113.05,264.1
CIT-2018-0017,citrus,Hoedspruit_A,2023-2024,1,B1,8,21,2024-05-12,TM_01,192.27,12.4,0.59,75.79,2.79,12.0,156.47,200.39
CIT-2018-0017,citrus,Hoedspruit_A,2023-2024,2,B2,6,4,2024-06-03,KM_01,215.44,11.34,1.19,101.74,4.15,12.0,130.95,253.61
CIT-2018-0017,citrus,Hoedspruit_A,2023-2024,3,B2,1,1,2024-05-07,KM_01,199.17,11.64,0.53,93.87,5.51,8.0,140.05,247.26
CIT-2019-0001,citrus,Hoedspruit_A,2023-2024,2,B2,9,4,2024-05-28,TM_02,186.19,11.91,1.52,88.24,5.81,8.0,,274.63
CIT-2019-0001,citrus,Hoedspruit_A,2023-2024,3,B2,2,13,2024-05-08,TM_01,,11.72,1.33,65.17,4.78,14.0,102.0,218.91
CIT-2019-0002,citrus,Hoedspruit_A,2023-2024,1,B2,9,18,2024-06-07,TM_02,175.06,12.55,0.8,102.87,3.88,5.0,116.68,236.56
CIT-2019-0002,citrus,Hoedspruit_A,2023-2024,2,B1,9,17,2024-05-04,TM_02,185.42,14.64,1.53,82.92,4.58,8.0,95.4,242.07
CIT-2019-0002,citrus,Hoedspruit_A,2023-2024,3,B3,5,21,2024-05-06,TM_02,198.97,11.32,0.93,99.46,4.26,9.0,113.84,231.28
CIT-2019-0003,citrus,Hoedspruit_A,2023-2024,1,B3,4,18,2024-05-05,TM_01,172.84,14.02,1.24,83.17,5.04,7.0,120.5,232.76
CIT-2019-0003,citrus,Hoedspruit_A,2023-2024,2,B1,3,5,2024-05-12,TM_01,176.75,10.28,1.17,67.95,3.9,6.0,118.3,234.13
CIT-2019-0003,citrus,Hoedspruit_A,2023-2024,3,B2,1,1,2024-05-19,TM_01,164.73,12.01,3.13,76.1,5.42,,139.75,237.78
CIT-2019-0004,citrus,Hoedspruit_A,2023-2024,1,B1,6,7,2024-06-12,KM_01,137.87,10.35,1.24,84.5,6.18,10.0,143.93,258.9
CIT-2019-0004,citrus,Hoedspruit_A,2023-2024,2,B2,1,6,2024-05-26,TM_02,138.11,10.01,1.14,84.67,4.47,5.0,102.67,225.08
CIT-2019-0004,citrus,Hoedspruit_A,2023-2024,3,B1,12,15,2024-05-08,KM_01,145.78,11.17,1.18,88.31,5.04,11.0,127.85,240.14
CIT-2019-0005,citrus,Hoedspruit_A,2023-2024,1,B3,7,3,2024-05-19,KM_01,141.92,9.72,1.27,57.57,5.53,3.0,107.61,252.63
CIT-2019-0005,citrus,Hoedspruit_A,2023-2024,2,B3,11,11,2024-05-02,TM_01,139.34,11.59,,102.85,5.24,11.0,120.36,233.92
CIT-2019-0005,citrus,Hoedspruit_A,2023-2024,3,B2,6,11,2024-05-20,TM_01,164.12,12.73,1.28,95.05,5.07,9.0,108.16,244.71
CIT-2019-0006,citrus,Hoedspruit_A,2023-2024,1,B1,2,19,2024-05-24,TM_02,190.85,11.66,0.71,98.85,4.7,8.0,138.84,233.08
CIT-2019-0006,citrus,Hoedspruit_A,2023-2024,2,B2,14,12,2024-05-04,KM_01,160.56,12.35,1.32,103.76,5.44,10.0,121.48,228.84
CIT-2019-0006,citrus,Hoedspruit_A,2023-2024,3,B1,2,3,2024-05-01,KM_01,148.51,14.87,1.03,110.26,4.79,3.0,127.98,244.66
CIT-2019-0007,citrus,Hoedspruit_A,2023-2024,1,B3,4,5,2024-05-03,TM_01,116.48,11.79,1.26,99.68,3.86,11.0,92.98,261.35
CIT-2019-0007,citrus,Hoedspruit_A,2023-2024,2,B3,6,24,2024-05-07,TM_02,156.9,8.98,1.48,91.44,5.27,9.0,99.11,258.67
CIT-2019-0007,citrus,Hoedspruit_A,2023-2024,3,B1,2,10,2024-06-10,TM_02,162.88,8.38,1.23,80.34,6.67,9.0,100.21,238.86
CIT-2019-0008,citrus,Hoedspruit_A,2023-2024,1,B1,4,22,2024-05-23,KM_01,161.78,10.38,1.62,72.01,4.6,4.0,108.18,224.64
CIT-2019-0008,citrus,Hoedspruit_A,2023-2024,2,B3,5,12,2024-06-13,TM_02,193.64,9.3,1.5,80.93,5.2,,104.53,223.36
CIT-2019-0008,citrus,Hoedspruit_A,2023-2024,3,B3,4,12,2024-06-06,KM_01,158.3,,0.63,107.45,3.59,6.0,150.87,232.16
CIT-2019-0009,citrus,Hoedspruit_A,2023-2024,1,B3,3,12,2024-06-05,TM_01,165.91,11.43,1.06,75.81,4.3,13.0,94.92,227.92
CIT-2019-0009,citrus,Hoedspruit_A,2023-2024,2,B3,12,7,2024-05-04,KM_01,194.58,11.54,1.4,84.71,5.63,11.0,134.04,277.84
CIT-2019-0009,citrus,Hoedspruit_A,2023-2024,3,B1,6,23,2024-05-03,TM_01,169.5,10.4,1.51,94.99,4.33,15.0,119.14,236.22
CIT-2019-0010,citrus,Hoedspruit_A,2023-2024,1,B1,2,24,2024-05-17,TM_02,152.65,12.09,1.37,83.04,5.49,13.0,155.46,231.1
CIT-2019-0010,citrus,Hoedspruit_A,2023-2024,2,B1,11,23,2024-05-06,KM_01,126.63,11.57,1.71,97.27,4.22,9.0,158.06,247.07
CIT-2019-0010,citrus,Hoedspruit_A,2023-2024,3,B2,5,24,2024-05-16,KM_01,151.03,13.77,1.92,84.22,5.15,11.0,116.34,232.22
CIT-2019-0011,citrus,Hoedspruit_A,2023-2024,1,B3,7,4,2024-06-13,TM_02,174.59,12.84,1.33,94.4,5.08,7.0,147.42,257.85
CIT-2019-0011,citrus,Hoedspruit_A,2023-2024,2,B2,8,19,2024-05-04,KM_01,153.18,12.25,1.43,59.86,6.17,6.0,104.56,273.68
CIT-2019-0011,citrus,Hoedspruit_A,2023-2024,3,B3,1,11,2024-06-10,TM_02,176.74,13.23,1.01,52.22,5.18,17.0,133.29,249.51
CIT-2019-0012,citrus,Hoedspruit_A,2023-2024,1,B1,9,2,2024-06-14,KM_01,170.82,11.1,1.63,67.47,3.66,9.0,109.82,207.79
CIT-2019-0012,citrus,Hoedspruit_A,2023-2024,2,B1,4,7,2024-05-12,KM_01,164.12,11.83,0.85,89.67,5.12,8.0,129.77,202.44
CIT-2019-0012,citrus,Hoedspruit_A,2023-2024,3,B1,14,24,2024-06-11,KM_01,186.37,12.37,1.31,80.55,6.61,13.0,130.18,212.42
CIT-2019-0013,citrus,Hoedspruit_A,2023-2024,1,B2,5,16,2024-06-03,TM_01,138.1,12.2,1.54,107.92,6.04,1.0,120.22,215.37
CIT-2019-0013,citrus,Hoedspruit_A,2023-2024,2,B1,3,13,2024-05-17,TM_02,147.69,10.45,1.2,76.46,3.91,6.0,103.48,240.41
CIT-2019-0013,citrus,Hoedspruit_A,2023-2024,3,B1,1,4,2024-05-12,TM_02,148.28,11.72,1.82,83.26,3.52,1.0,137.06,229.66
CIT-2019-0014,citrus,Hoedspruit_A,2023-2024,1,B3,11,4,2024-06-10,TM_02,183.35,12.58,1.48,82.07,4.74,9.0,130.07,238.62
CIT-2019-0014,citrus,Hoedspruit_A,2023-2024,2,B3,13,18,2024-05-04,KM_01,182.99,14.59,1.11,96.47,4.71,13.0,123.52,251.93
CIT-2019-0014,citrus,Hoedspruit_A,2023-2024,3,B3,11,24,2024-05-06,TM_02,161.84,12.69,1.04,100.91,3.35,10.0,90.51,226.18
CIT-2019-0015,citrus,Hoedspruit_A,2023-2024,1,B3,7,14,2024-05-19,KM_01,228.08,11.78,0.82,61.88,6.24,14.0,146.39,235.57
CIT-2019-0015,citrus,Hoedspruit_A,2023-2024,2,B2,14,24,2024-05-20,TM_02,216.84,11.79,1.14,71.37,4.79,11.0,105.96,234.56
CIT-2019-0015,citrus,Hoedspruit_A,2023-2024,3,B3,5,5,2024-06-07,KM_01,173.72,11.51,1.25,57.09,5.63,7.0,121.69,233.64
CIT-2019-0016,citrus,Hoedspruit_A,2023-2024,1,B1,9,10,2024-05-15,TM_01,194.07,9.92,0.94,83.96,4.19,8.0,165.07,218.85
CIT-2019-0016,citrus,Hoedspruit_A,2023-2024,3,B2,13,7,2024-05-23,TM_01,221.67,12.33,0.96,77.3,4.89,8.0,157.87,233.24
CIT-2019-0017,citrus,Hoedspruit_A,2023-2024,1,B3,4,22,2024-05-22,TM_02,185.98,11.14,1.54,71.17,5.38,8.0,120.25,266.49
CIT-2019-0017,citrus,Hoedspruit_A,2023-2024,2,B2,7,7,2024-05-31,TM_01,192.07,12.97,0.44,77.49,4.14,7.0,122.67,208.22
CIT-2019-0017,citrus,Hoedspruit_A,2023-2024,3,B2,1,8,2024-05-20,KM_01,222.14,15.71,1.23,63.48,5.17,7.0,134.63,236.47
CIT-2020-0001,citrus,Hoedspruit_A,2023-2024,1,B1,6,1,2024-06-12,TM_01,199.17,11.47,1.2,80.81,4.95,5.0,171.06,234.59
CIT-2020-0001,citrus,Hoedspruit_A,2023-2024,2,B3,7,3,2024-05-20,TM_01,158.36,10.11,1.19,71.33,3.67,3.0,128.61,259.75
CIT-2020-0001,citrus,Hoedspruit_A,2023-2024,3,B1,8,14,2024-05-29,TM_01,211.99,11.29,1.33,79.5,5.02,1.0,128.22,273.98
CIT-2020-0002,citrus,Hoedspruit_A,2023-2024,1,B3,3,10,2024-06-06,TM_02,146.1,12.08,0.77,77.15,4.63,4.0,105.34,274.02
CIT-2020-0002,citrus,Hoedspruit_A,2023-2024,2,B2,6,5,2024-06-12,TM_02,165.07,11.44,1.5,82.73,3.99,0.0,98.55,235.99
CIT-2020-0002,citrus,Hoedspruit_A,2023-2024,3,B3,5,6,2024-06-06,KM_01,158.62,13.36,1.48,77.8,4.86,3.0,82.71,221.81
CIT-2020-0003,citrus,Hoedspruit_A,2023-2024,1,B1,14,2,2024-06-06,TM_02,170.65,8.85,0.51,106.86,4.73,13.0,105.74,260.32
CIT-2020-0003,citrus,Hoedspruit_A,2023-2024,2,B2,13,3,2024-05-23,TM_02,184.26,9.49,1.34,99.3,4.48,11.0,114.38,243.51
CIT-2020-0003,citrus,Hoedspruit_A,2023-2024,3,B1,5,17,2024-05-24,KM_01,158.13,11.81,1.2,75.42,5.24,8.0,128.07,259.86
CIT-2020-0004,citrus,Hoedspruit_A,2023-2024,1,B2,7,23,2024-05-26,TM_02,172.9,10.52,1.58,98.2,3.29,11.0,125.1,230.49
CIT-2020-0004,citrus,Hoedspruit_A,2023-2024,2,B3,12,1,2024-05-17,KM_01,181.47,10.98,1.16,63.73,4.38,1.0,73.35,225.92
CIT-2020-0004,citrus,Hoedspruit_A,2023-2024,3,B3,1,22,2024-06-05,TM_02,198.21,10.27,1.36,55.94,3.29,13.0,,238.75
CIT-2020-0005,citrus,Hoedspruit_A,2023-2024,1,B3,8,14,2024-05-07,TM_02,191.67,12.21,0.69,92.92,4.44,12.0,129.01,244.78
CIT-2020-0005,citrus,Hoedspruit_A,2023-2024,2,B3,12,22,2024-06-05,TM_02,182.91,11.73,0.58,88.9,4.64,11.0,135.56,245.13
CIT-2020-0005,citrus,Hoedspruit_A,2023-2024,3,B2,2,3,2024-05-01,TM_01,180.52,11.17,1.03,104.03,5.6,10.0,141.59,267.6
CIT-2020-0006,citrus,Hoedspruit_A,2023-2024,1,B1,9,18,2024-06-08,TM_02,213.38,11.68,1.02,97.44,5.26,7.0,105.33,267.62
CIT-2020-0006,citrus,Hoedspruit_A,2023-2024,2,B3,6,17,2024-05-08,KM_01,194.62,11.74,0.98,79.89,4.87,10.0,139.32,216.48
CIT-2020-0006,citrus,Hoedspruit_A,2023-2024,3,B3,12,8,2024-05-17,TM_02,211.42,13.6,0.16,85.02,5.31,8.0,100.99,247.94
CIT-2020-0007,citrus,Hoedspruit_A,2023-2024,1,B1,11,24,2024-06-05,TM_01,166.32,11.92,0.67,81.65,3.72,0.0,117.39,252.34
CIT-2020-0007,citrus,Hoedspruit_A,2023-2024,2,B3,13,20,2024-05-01,TM_02,150.08,11.71,1.49,72.78,3.22,5.0,130.24,251.65
CIT-2020-0007,citrus,Hoedspruit_A,2023-2024,3,B3,4,1,2024-06-09,TM_02,160.31,13.0,1.28,88.46,4.05,6.0,140.85,267.9
CIT-2020-0008,citrus,Hoedspruit_A,2023-2024,1,B3,2,8,2024-05-27,TM_02,167.4,13.24,0.93,73.35,3.21,10.0,73.81,243.21
CIT-2020-0008,citrus,Hoedspruit_A,2023-2024,2,B2,14,11,2024-06-02,KM_01,202.39,13.15,1.25,,4.43,11.0,126.71,233.34
CIT-2020-0008,citrus,Hoedspruit_A,2023-2024,3,B2,2,24,2024-05-03,KM_01,196.92,11.87,1.58,56.62,4.93,7.0,119.86,241.47
CIT-2020-0009,citrus,Hoedspruit_A,2023-2024,1,B3,14,1,2024-06-14,TM_02,189.03,10.54,1.54,65.39,5.7,9.0,372.2,
CIT-2020-0009,citrus,Hoedspruit_A,2023-2024,2,B1,10,15,2024-05-12,TM_01,173.08,12.05,1.28,73.13,4.4,3.0,133.82,251.75
CIT-2020-0009,citrus,Hoedspruit_A,2023-2024,3,B2,5,10,2024-05-10,TM_02,177.71,13.31,1.5,89.72,4.84,,122.25,202.29
CIT-2020-0010,citrus,Hoedspruit_A,2023-2024,1,B3,6,21,2024-05-07,KM_01,224.51,11.06,1.46,93.27,4.48,8.0,139.04,260.07
CIT-2020-0010,citrus,Hoedspruit_A,2023-2024,2,B2,14,14,2024-06-12,TM_01,175.82,12.58,1.17,83.31,3.97,,130.36,271.72
CIT-2020-0010,citrus,Hoedspruit_A,2023-2024,3,B3,13,24,2024-06-09,TM_02,205.07,10.18,1.05,87.25,3.99,13.0,87.14,239.32
CIT-2020-0011,citrus,Hoedspruit_A,2023-2024,1,B3,12,18,2024-06-14,KM_01,196.77,12.64,1.0,88.59,4.6,5.0,95.15,256.24
CIT-2020-0011,citrus,Hoedspruit_A,2023-2024,2,B3,3,5,2024-05-21,TM_02,231.12,13.25,1.13,78.37,5.54,6.0,117.77,219.54
CIT-2020-0011,citrus,Hoedspruit_A,2023-2024,3,B3,5,17,2024-05-25,KM_01,171.89,14.28,0.83,73.65,3.69,7.0,,233.95
CIT-2020-0012,citrus,Hoedspruit_A,2023-2024,1,B3,6,24,2024-06-07,TM_02,164.86,11.77,1.44,72.56,4.15,8.0,130.94,244.63
CIT-2020-0012,citrus,Hoedspruit_A,2023-2024,3,B3,6,17,2024-05-05,KM_01,151.74,,1.32,75.55,5.19,,110.86,229.05
CIT-2020-0013,citrus,Hoedspruit_A,2023-2024,1,B2,6,8,2024-05-11,TM_02,158.54,13.1,0.79,72.49,3.22,4.0,122.11,252.21
CIT-2020-0013,citrus,Hoedspruit_A,2023-2024,2,B3,2,5,2024-05-21,TM_01,187.72,11.1,0.46,96.37,4.9,10.0,95.05,231.7
CIT-2020-0013,citrus,Hoedspruit_A,2023-2024,3,B2,10,23,2024-06-14,KM_01,204.74,12.08,0.71,101.03,3.97,5.0,97.89,242.72
CIT-2020-0014,citrus,Hoedspruit_A,2023-2024,1,B2,6,6,2024-05-30,TM_02,156.1,8.38,,74.93,3.99,11.0,98.14,255.67
CIT-2020-0014,citrus,Hoedspruit_A,2023-2024,2,B1,6,3,2024-05-30,TM_02,165.61,11.62,1.01,69.48,4.95,7.0,104.11,237.76
CIT-2020-0015,citrus,Hoedspruit_A,2023-2024,1,B3,3,22,2024-05-20,KM_01,228.36,9.36,0.56,89.11,4.2,17.0,128.02,243.88
CIT-2020-0015,citrus,Hoedspruit_A,2023-2024,2,B2,6,8,2024-05-01,TM_02,187.85,10.29,1.24,87.64,3.29,10.0,156.51,
CIT-2020-0015,citrus,Hoedspruit_A,2023-2024,3,B2,12,12,2024-05-21,TM_01,171.76,11.7,1.36,89.63,3.95,11.0,151.55,218.11
CIT-2020-0016,citrus,Hoedspruit_A,2023-2024,1,B1,10,18,2024-05-18,KM_01,188.06,11.17,1.62,78.09,4.19,10.0,116.86,232.0
CIT-2020-0016,citrus,Hoedspruit_A,2023-2024,2,B3,8,21,2024-05-29,TM_02,166.11,13.6,1.82,116.36,3.94,11.0,109.09,255.77
CIT-2020-0016,citrus,Hoedspruit_A,2023-2024,3,B2,5,12,2024-05-02,KM_01,184.51,12.98,1.79,106.14,4.69,13.0,122.24,225.48
CIT-2020-0017,citrus,Hoedspruit_A,2023-2024,1,B1,4,21,2024-06-13,KM_01,197.42,10.99,1.67,67.51,5.11,7.0,137.42,226.54
CIT-2020-0017,citrus,Hoedspruit_A,2023-2024,2,B2,8,13,2024-06-02,KM_01,159.23,11.56,0.87,86.12,3.4,8.0,117.97,228.09
CIT-2020-0017,citrus,Hoedspruit_A,2023-2024,3,B2,3,3,2024-05-16,KM_01,199.5,9.18,1.34,55.2,5.25,7.0,117.66,216.62
CIT-2021-0001,citrus,Hoedspruit_A,2023-2024,1,B1,8,12,2024-06-10,KM_01,176.33,10.85,0.66,75.75,3.15,8.0,127.24,225.33
CIT-2021-0001,citrus,Hoedspruit_A,2023-2024,2,B1,14,13,2024-06-09,KM_01,213.97,13.02,0.45,112.7,5.11,9.0,153.97,534.72
CIT-2021-0001,citrus,Hoedspruit_A,2023-2024,3,B3,2,3,2024-05-14,KM_01,182.76,11.37,0.7,88.26,3.47,11.0,98.84,224.08
CIT-2021-0002,citrus,Hoedspruit_A,2023-2024,1,B3,3,15,2024-06-02,TM_01,183.13,11.7,1.04,63.91,5.34,4.0,117.38,217.07
CIT-2021-0002,citrus,Hoedspruit_A,2023-2024,2,B2,4,7,2024-05-06,KM_01,213.89,11.89,0.81,71.67,4.79,11.0,118.3,254.68
CIT-2021-0002,citrus,Hoedspruit_A,2023-2024,3,B2,7,15,2024-06-04,TM_01,161.92,13.28,0.93,78.33,3.05,6.0,95.33,240.97
CIT-2021-0003,citrus,Hoedspruit_A,2023-2024,1,B3,5,11,2024-05-27,KM_01,163.71,12.16,1.48,85.14,4.4,12.0,121.14,227.06
CIT-2021-0003,citrus,Hoedspruit_A,2023-2024,2,B1,9,17,2024-06-08,KM_01,184.29,13.86,1.08,90.42,4.27,1.0,99.75,239.51
CIT-2021-0003,citrus,Hoedspruit_A,2023-2024,3,B3,5,12,2024-06-12,TM_02,155.79,12.73,1.75,93.96,5.71,8.0,102.46,233.88
CIT-2021-0004,citrus,Hoedspruit_A,2023-2024,1,B3,2,7,2024-05-25,TM_01,,11.93,0.92,40.34,6.5,8.0,100.78,244.33
CIT-2021-0004,citrus,Hoedspruit_A,2023-2024,2,B1,7,23,2024-06-12,TM_01,188.14,9.03,0.54,78.18,5.43,6.0,,211.22
CIT-2021-0004,citrus,Hoedspruit_A,2023-2024,3,B3,8,5,2024-05-27,TM_02,192.09,9.62,1.02,72.53,6.15,11.0,86.2,242.39
CIT-2021-0005,citrus,Hoedspruit_A,2023-2024,1,B2,13,12,2024-05-17,TM_01,,12.14,1.51,65.04,4.88,9.0,115.78,257.07
CIT-2021-0005,citrus,Hoedspruit_A,2023-2024,2,B1,11,6,2024-05-31,KM_01,194.2,10.89,1.63,81.92,4.76,9.0,158.02,248.0
CIT-2021-0005,citrus,Hoedspruit_A,2023-2024,3,B1,9,22,2024-05-15,TM_01,215.92,11.51,1.53,,4.76,10.0,143.87,21.83
CIT-2021-0006,citrus,Hoedspruit_A,2023-2024,1,B3,13,6,2024-05-07,KM_01,148.09,30.98,1.67,70.33,5.27,7.0,141.14,271.2
CIT-2021-0006,citrus,Hoedspruit_A,2023-2024,2,B2,4,11,2024-06-10,KM_01,192.95,13.01,1.09,71.48,5.2,12.0,,235.58
CIT-2021-0006,citrus,Hoedspruit_A,2023-2024,3,B2,2,4,2024-06-03,KM_01,178.0,12.07,1.04,84.74,4.63,8.0,133.14,267.18
CIT-2021-0007,citrus,Hoedspruit_A,2023-2024,1,B3,8,16,2024-06-06,KM_01,179.96,10.29,1.64,96.63,6.21,10.0,123.8,224.34
CIT-2021-0007,citrus,Hoedspruit_A,2023-2024,3,B1,12,15,2024-06-07,KM_01,171.66,8.92,1.51,101.98,6.8,,105.55,250.75
CIT-2021-0008,citrus,Hoedspruit_A,2023-2024,1,B3,1,4,2024-06-04,KM_01,215.73,10.08,1.29,96.89,6.31,6.0,103.09,229.04
CIT-2021-0008,citrus,Hoedspruit_A,2023-2024,2,B3,8,7,2024-05-21,KM_01,146.96,10.24,1.41,95.14,3.76,5.0,112.59,220.5
CIT-2021-0008,citrus,Hoedspruit_A,2023-2024,3,B3,12,14,2024-06-11,KM_01,191.71,10.75,1.23,81.98,4.69,6.0,95.55,233.04
CIT-2021-0009,citrus,Hoedspruit_A,2023-2024,1,B2,13,7,2024-05-30,TM_02,215.72,9.67,0.83,94.35,5.41,7.0,141.24,236.35
CIT-2021-0009,citrus,Hoedspruit_A,2023-2024,2,B1,7,8,2024-05-24,TM_02,224.72,12.07,0.63,71.56,4.77,8.0,95.35,254.39
CIT-2021-0009,citrus,Hoedspruit_A,2023-2024,3,B3,1,14,2024-05-11,TM_01,210.49,10.48,1.34,84.41,4.87,11.0,,225.31
CIT-2021-0010,citrus,Hoedspruit_A,2023-2024,1,B2,1,13,2024-05-06,KM_01,178.31,11.38,1.45,95.46,3.7,8.0,139.01,252.11
CIT-2021-0010,citrus,Hoedspruit_A,2023-2024,2,B1,9,9,2024-06-08,TM_01,142.9,11.74,1.22,76.43,3.7,5.0,131.65,252.39
CIT-2021-0010,citrus,Hoedspruit_A,2023-2024,3,B2,5,13,2024-06-09,TM_01,172.91,11.46,0.63,60.94,4.69,13.0,117.97,241.79
CIT-2021-0011,citrus,Hoedspruit_A,2023-2024,1,B2,4,10,2024-06-14,TM_02,172.01,11.77,1.31,92.52,4.91,9.0,114.24,249.47
CIT-2021-0011,citrus,Hoedspruit_A,2023-2024,2,B2,11,12,2024-05-30,KM_01,183.09,8.66,1.26,86.41,5.89,8.0,129.69,251.1
CIT-2021-0011,citrus,Hoedspruit_A,2023-2024,3,B2,9,23,2024-05-06,TM_02,193.86,9.46,0.81,70.82,5.65,11.0,133.89,255.67
CIT-2021-0012,citrus,Hoedspruit_A,2023-2024,1,B2,7,13,2024-06-14,TM_01,199.49,9.84,1.37,76.91,3.2,6.0,125.52,251.43
CIT-2021-0012,citrus,Hoedspruit_A,2023-2024,2,B3,1,9,2024-05-20,TM_02,190.95,9.33,1.06,66.1,4.2,8.0,158.07,291.44
CIT-2021-0012,citrus,Hoedspruit_A,2023-2024,3,B2,2,1,2024-05-16,TM_01,172.18,11.73,0.8,,4.01,5.0,124.99,265.26
CIT-2021-0013,citrus,Hoedspruit_A,2023-2024,1,B3,11,22,2024-05-28,TM_02,179.41,11.19,0.68,86.44,3.63,13.0,131.29,235.93
CIT-2021-0013,citrus,Hoedspruit_A,2023-2024,2,B1,10,16,2024-05-19,TM_01,237.92,,1.07,98.99,3.89,9.0,120.89,227.91
CIT-2021-0013,citrus,Hoedspruit_A,2023-2024,3,B2,2,6,2024-05-06,TM_01,209.77,,1.12,108.3,4.09,10.0,125.76,234.45
CIT-2021-0014,citrus,Hoedspruit_A,2023-2024,1,B1,1,1,2024-05-18,TM_01,222.99,,1.31,78.48,4.91,5.0,113.79,265.71
CIT-2021-0014,citrus,Hoedspruit_A,2023-2024,2,B3,13,11,2024-06-05,TM_02,194.49,13.65,0.54,83.51,5.78,5.0,136.05,261.92
CIT-2021-0014,citrus,Hoedspruit_A,2023-2024,3,B2,9,7,2024-05-21,TM_02,194.21,10.13,1.07,,5.43,5.0,141.08,247.76
CIT-2021-0015,citrus,Hoedspruit_A,2023-2024,1,B3,12,1,2024-05-21,KM_01,169.83,12.43,1.56,85.97,4.82,15.0,83.01,232.59
CIT-2021-0015,citrus,Hoedspruit_A,2023-2024,3,B3,4,10,2024-06-11,TM_02,166.91,12.57,0.98,70.92,4.26,10.0,122.92,235.69
CIT-2021-0016,citrus,Hoedspruit_A,2023-2024,1,B3,10,8,2024-06-04,TM_02,153.14,9.32,0.81,86.01,4.35,2.0,121.44,235.99
CIT-2021-0016,citrus,Hoedspruit_A,2023-2024,2,B3,10,12,2024-06-10,KM_01,153.34,11.94,0.98,87.64,4.37,0.0,122.49,232.78
CIT-2021-0016,citrus,Hoedspruit_A,2023-2024,3,B1,1,15,2024-05-30,KM_01,121.88,10.99,0.81,74.47,3.41,4.0,109.45,244.87
CIT-2021-0017,citrus,Hoedspruit_A,2023-2024,1,B3,9,1,2024-06-09,TM_01,176.31,11.31,1.27,79.28,5.46,8.0,101.57,224.78
CIT-2021-0017,citrus,Hoedspruit_A,2023-2024,2,B1,4,23,2024-06-06,TM_01,166.84,12.26,2.01,76.65,4.2,15.0,113.35,253.15
CIT-2021-0017,citrus,Hoedspruit_A,2023-2024,3,B2,5,12,2024-05-28,TM_02,185.67,10.23,1.06,89.05,4.02,6.0,112.95,234.42
CIT-2022-0001,citrus,Hoedspruit_A,2023-2024,1,B3,13,4,2024-05-13,KM_01,162.5,11.19,1.29,105.53,4.19,6.0,116.68,226.46
CIT-2022-0001,citrus,Hoedspruit_A,2023-2024,2,B1,1,15,2024-05-20,TM_02,168.47,12.45,1.24,82.74,4.41,8.0,104.31,226.71
CIT-2022-0001,citrus,Hoedspruit_A,2023-2024,3,B3,12,12,2024-05-05,KM_01,197.11,12.02,1.2,73.32,4.87,1.0,155.78,271.4
CIT-2022-0002,citrus,Hoedspruit_A,2023-2024,1,B2,9,22,2024-05-02,TM_01,173.14,13.25,1.17,92.81,3.63,9.0,117.65,245.69
CIT-2022-0002,citrus,Hoedspruit_A,2023-2024,2,B2,10,11,2024-05-13,KM_01,153.88,11.53,1.19,101.98,4.59,,81.07,230.59
CIT-2022-0002,citrus,Hoedspruit_A,2023-2024,3,B3,6,11,2024-05-30,TM_02,149.89,11.42,1.05,91.14,5.86,7.0,99.56,240.02
CIT-2022-0003,citrus,Hoedspruit_A,2023-2024,1,B2,14,2,2024-05-14,TM_01,211.01,11.31,,65.28,3.24,14.0,91.34,250.5
CIT-2022-0003,citrus,Hoedspruit_A,2023-2024,2,B3,2,22,2024-05-13,KM_01,148.2,11.46,0.82,88.45,,,115.62,237.91
CIT-2022-0003,citrus,Hoedspruit_A,2023-2024,3,B2,10,10,2024-06-09,TM_02,177.18,13.42,1.53,100.31,4.97,10.0,118.47,229.99
CIT-2022-0004,citrus,Hoedspruit_A,2023-2024,1,B2,5,11,2024-05-16,KM_01,167.84,11.95,1.22,80.61,3.78,11.0,146.6,
CIT-2022-0004,citrus,Hoedspruit_A,2023-2024,2,B3,1,22,2024-05-19,TM_02,152.99,10.17,1.4,95.31,5.07,9.0,106.79,228.7
CIT-2022-0004,citrus,Hoedspruit_A,2023-2024,3,B2,11,1,2024-06-08,TM_02,183.42,10.41,1.15,77.63,2.27,3.0,115.94,254.19
CIT-2022-0005,citrus,Hoedspruit_A,2023-2024,1,B2,1,20,2024-05-25,KM_01,167.74,10.68,3.02,96.4,5.57,4.0,130.58,244.92
CIT-2022-0005,citrus,Hoedspruit_A,2023-2024,2,B2,8,2,2024-06-06,TM_01,157.82,10.24,1.58,86.38,,5.0,161.35,254.39
CIT-2022-0005,citrus,Hoedspruit_A,2023-2024,3,B1,10,4,2024-05-02,TM_02,215.65,9.01,1.56,102.15,4.18,5.0,136.86,244.44
CIT-2022-0006,citrus,Hoedspruit_A,2023-2024,1,B1,13,10,2024-05-11,KM_01,156.29,10.99,1.26,105.1,4.69,1.0,121.25,258.72
CIT-2022-0006,citrus,Hoedspruit_A,2023-2024,2,B2,11,22,2024-06-04,TM_01,217.38,12.36,1.95,84.07,4.88,5.0,161.68,220.42
CIT-2022-0006,citrus,Hoedspruit_A,2023-2024,3,B2,12,4,2024-06-13,TM_01,190.3,12.4,1.51,112.52,3.46,1.0,119.12,249.54
CIT-2022-0007,citrus,Hoedspruit_A,2023-2024,1,B3,6,5,2024-06-14,TM_01,177.6,8.75,1.07,84.14,6.39,3.0,126.57,241.56
CIT-2022-0007,citrus,Hoedspruit_A,2023-2024,2,B2,2,23,2024-05-11,TM_02,174.18,13.28,1.82,78.01,6.74,8.0,122.77,238.61
CIT-2022-0007,citrus,Hoedspruit_A,2023-2024,3,B3,3,5,2024-05-02,KM_01,215.69,9.68,0.95,66.97,4.96,8.0,104.4,232.65
CIT-2022-0008,citrus,Hoedspruit_A,2023-2024,1,B1,11,1,2024-05-27,KM_01,168.41,12.15,1.26,105.58,3.18,3.0,132.17,234.73
CIT-2022-0008,citrus,Hoedspruit_A,2023-2024,2,B3,8,20,2024-05-20,TM_02,150.61,12.37,1.6,106.32,5.19,8.0,79.53,216.24
CIT-2022-0008,citrus,Hoedspruit_A,2023-2024,3,B3,14,3,2024-05-08,KM_01,136.16,12.32,1.44,108.63,4.88,5.0,121.29,202.17
CIT-2022-0009,citrus,Hoedspruit_A,2023-2024,1,B2,12,11,2024-05-06,KM_01,179.74,9.87,1.0,59.95,0.46,10.0,145.02,247.77
CIT-2022-0009,citrus,Hoedspruit_A,2023-2024,2,B2,12,24,2024-05-19,TM_01,196.95,12.94,1.35,80.5,4.97,7.0,141.1,225.28
CIT-2022-0009,citrus,Hoedspruit_A,2023-2024,3,B3,6,23,2024-05-22,KM_01,171.65,11.02,,87.36,5.81,12.0,180.13,227.17
CIT-2022-0010,citrus,Hoedspruit_A,2023-2024,1,B2,9,20,2024-06-11,TM_02,212.96,12.33,1.33,74.55,3.6,10.0,139.04,234.33
CIT-2022-0010,citrus,Hoedspruit_A,2023-2024,2,B3,9,6,2024-05-31,TM_02,236.88,13.49,1.43,94.93,5.18,13.0,87.83,240.98
CIT-2022-0010,citrus,Hoedspruit_A,2023-2024,3,B3,14,6,2024-05-13,TM_01,192.24,14.7,1.25,100.35,5.99,6.0,106.13,268.44
CIT-2022-0011,citrus,Hoedspruit_A,2023-2024,1,B3,2,10,2024-06-05,TM_02,161.52,10.13,0.32,88.23,4.71,13.0,96.94,247.61
CIT-2022-0011,citrus,Hoedspruit_A,2023-2024,2,B1,3,20,2024-05-02,TM_02,193.61,8.16,0.8,70.04,4.39,8.0,115.08,
CIT-2022-0011,citrus,Hoedspruit_A,2023-2024,3,B3,6,20,2024-05-22,TM_02,184.98,10.04,,81.83,4.11,9.0,118.97,248.74
CIT-2022-0012,citrus,Hoedspruit_A,2023-2024,1,B2,8,13,2024-06-02,TM_02,156.48,14.83,1.7,74.91,3.44,9.0,133.81,234.21
CIT-2022-0012,citrus,Hoedspruit_A,2023-2024,2,B1,8,3,2024-05-15,TM_01,,12.1,1.33,82.0,4.77,9.0,129.27,263.77
CIT-2022-0012,citrus,Hoedspruit_A,2023-2024,3,B1,8,2,2024-06-09,TM_02,187.63,12.65,1.57,90.44,6.87,9.0,112.0,254.35
CIT-2022-0013,citrus,Hoedspruit_A,2023-2024,1,B3,5,17,2024-05-25,TM_01,168.65,12.44,,83.94,5.13,5.0,131.26,267.58
CIT-2022-0013,citrus,Hoedspruit_A,2023-2024,2,B1,13,21,2024-06-11,KM_01,170.33,11.55,1.41,74.16,4.14,4.0,111.07,253.5
CIT-2022-0013,citrus,Hoedspruit_A,2023-2024,3,B1,3,14,2024-05-28,KM_01,168.75,11.98,1.36,78.15,4.26,6.0,130.5,241.19
CIT-2022-0014,citrus,Hoedspruit_A,2023-2024,1,B1,11,7,2024-05-21,KM_01,153.7,9.61,1.05,99.33,3.38,6.0,112.6,249.71
CIT-2022-0014,citrus,Hoedspruit_A,2023-2024,2,B2,3,8,2024-05-07,KM_01,127.39,11.83,1.48,84.71,3.66,9.0,104.27,199.79
CIT-2022-0014,citrus,Hoedspruit_A,2023-2024,3,B3,2,5,2024-05-01,KM_01,143.22,9.97,0.42,91.98,3.15,8.0,129.32,230.94
CIT-2022-0015,citrus,Hoedspruit_A,2023-2024,1,B1,2,14,2024-06-13,TM_01,202.7,12.23,1.31,85.91,2.77,5.0,53.49,275.46
CIT-2022-0015,citrus,Hoedspruit_A,2023-2024,2,B1,9,23,2024-05-12,TM_01,163.56,10.6,1.14,104.85,4.25,6.0,88.98,255.34
CIT-2022-0015,citrus,Hoedspruit_A,2023-2024,3,B2,10,5,2024-06-07,TM_02,230.75,12.69,1.26,80.58,3.7,14.0,91.64,216.09
CIT-2022-0016,citrus,Hoedspruit_A,2023-2024,1,B3,1,12,2024-05-26,KM_01,183.21,10.31,0.86,84.67,3.62,14.0,123.44,202.47
CIT-2022-0016,citrus,Hoedspruit_A,2023-2024,2,B1,11,21,2024-06-12,TM_02,159.66,11.29,0.64,53.97,3.64,3.0,136.51,235.98
CIT-2022-0016,citrus,Hoedspruit_A,2023-2024,3,B2,9,3,2024-05-24,KM_01,189.68,11.0,0.45,78.0,4.57,9.0,109.61,229.71
CIT-2022-0017,citrus,Hoedspruit_A,2023-2024,1,B1,9,16,2024-05-20,TM_02,171.65,10.74,1.44,93.83,3.15,8.0,96.81,232.58
CIT-2022-0017,citrus,Hoedspruit_A,2023-2024,2,B1,14,12,2024-06-07,TM_02,172.88,12.45,1.24,106.93,4.05,7.0,105.42,220.3
CIT-2022-0017,citrus,Hoedspruit_A,2023-2024,3,B1,9,14,2024-05-20,TM_01,218.68,9.71,1.17,84.98,4.28,9.0,91.41,242.37
CIT-2023-0001,citrus,Hoedspruit_A,2023-2024,1,B3,12,3,2024-05-06,KM_01,264.56,11.25,1.59,90.47,3.73,14.0,123.08,255.15
CIT-2023-0001,citrus,Hoedspruit_A,2023-2024,2,B3,12,4,2024-06-04,KM_01,223.72,8.48,1.33,100.78,4.34,7.0,140.55,219.31
CIT-2023-0001,citrus,Hoedspruit_A,2023-2024,3,B3,13,5,2024-06-06,KM_01,207.58,9.94,1.77,87.75,3.94,12.0,113.85,235.93
CIT-2023-0002,citrus,Hoedspruit_A,2023-2024,1,B2,13,18,2024-05-10,KM_01,145.93,9.38,0.87,77.48,5.42,9.0,117.7,256.29
CIT-2023-0002,citrus,Hoedspruit_A,2023-2024,3,B2,3,18,2024-06-14,TM_02,189.81,10.88,0.8,94.06,5.14,12.0,137.8,264.63
CIT-2023-0003,citrus,Hoedspruit_A,2023-2024,3,B3,1,24,2024-05-16,TM_01,190.2,9.04,2.18,96.73,5.24,6.0,164.44,239.38
CIT-2023-0004,citrus,Hoedspruit_A,2023-2024,1,B1,13,18,2024-05-12,TM_02,197.98,10.81,1.29,96.75,4.67,12.0,97.84,
CIT-2023-0004,citrus,Hoedspruit_A,2023-2024,2,B2,8,6,2024-05-04,TM_01,185.0,11.78,1.69,98.59,4.7,12.0,96.8,220.64
CIT-2023-0004,citrus,Hoedspruit_A,2023-2024,3,B1,4,11,2024-06-12,TM_01,195.71,10.28,1.57,117.92,2.87,10.0,131.55,240.89
CIT-2023-0005,citrus,Hoedspruit_A,2023-2024,1,B1,13,22,2024-05-07,TM_02,165.31,7.91,1.45,95.27,4.35,8.0,106.52,258.41
CIT-2023-0005,citrus,Hoedspruit_A,2023-2024,2,B2,10,16,2024-06-11,TM_02,159.44,10.84,1.08,102.61,4.35,3.0,135.35,
CIT-2023-0005,citrus,Hoedspruit_A,2023-2024,3,B3,4,1,2024-05-06,KM_01,154.39,10.28,1.75,83.16,4.1,11.0,133.32,254.0
CIT-2023-0006,citrus,Hoedspruit_A,2023-2024,1,B1,11,8,2024-06-13,KM_01,173.86,10.55,1.34,54.51,4.24,0.0,101.74,214.85
CIT-2023-0006,citrus,Hoedspruit_A,2023-2024,2,B3,4,20,2024-05-17,TM_01,170.61,12.01,1.52,73.03,3.15,4.0,140.93,253.42
CIT-2023-0006,citrus,Hoedspruit_A,2023-2024,3,B3,5,10,2024-06-13,KM_01,147.87,11.76,0.88,62.66,3.26,7.0,128.97,239.84
CIT-2023-0007,citrus,Hoedspruit_A,2023-2024,1,B1,4,7,2024-05-23,TM_02,200.42,11.79,1.41,84.16,5.78,11.0,130.77,240.98
CIT-2023-0007,citrus,Hoedspruit_A,2023-2024,2,B1,7,14,2024-05-04,TM_02,187.72,10.71,1.36,,4.84,8.0,120.15,225.39
CIT-2023-0007,citrus,Hoedspruit_A,2023-2024,3,B3,10,14,2024-05-15,TM_02,206.04,12.64,1.36,76.23,6.88,13.0,91.83,204.86
CIT-2023-0008,citrus,Hoedspruit_A,2023-2024,1,B1,14,18,2024-05-04,TM_01,187.23,11.04,1.62,92.89,5.68,7.0,107.26,238.41
CIT-2023-0008,citrus,Hoedspruit_A,2023-2024,2,B1,10,8,2024-06-14,TM_01,189.5,11.52,0.72,90.19,4.71,1.0,147.81,254.41
CIT-2023-0008,citrus,Hoedspruit_A,2023-2024,3,B1,8,17,2024-05-23,KM_01,178.76,14.05,,96.19,5.57,10.0,105.76,254.34
CIT-2023-0009,citrus,Hoedspruit_A,2023-2024,1,B2,4,2,2024-06-02,TM_01,198.29,13.46,1.24,93.97,4.32,10.0,100.8,247.91
CIT-2023-0009,citrus,Hoedspruit_A,2023-2024,2,B3,11,20,2024-05-24,TM_01,195.01,11.61,1.69,109.05,5.23,6.0,122.38,258.74
CIT-2023-0009,citrus,Hoedspruit_A,2023-2024,3,B1,7,14,2024-05-04,TM_01,166.39,12.56,1.19,104.23,3.79,13.0,122.09,230.97
CIT-2023-0010,citrus,Hoedspruit_A,2023-2024,1,B2,2,4,2024-05-02,KM_01,177.58,11.19,1.71,92.62,3.57,12.0,138.7,231.6
CIT-2023-0010,citrus,Hoedspruit_A,2023-2024,2,B3,5,10,2024-05-26,TM_02,165.17,11.31,1.85,78.96,4.9,8.0,108.23,249.16
CIT-2023-0010,citrus,Hoedspruit_A,2023-2024,3,B2,13,21,2024-05-11,KM_01,169.58,10.69,1.44,,4.32,10.0,108.37,238.42
CIT-2023-0011,citrus,Hoedspruit_A,2023-2024,1,B3,4,12,2024-05-31,KM_01,201.06,10.83,1.84,81.59,3.99,13.0,125.35,238.42
CIT-2023-0011,citrus,Hoedspruit_A,2023-2024,2,B2,13,10,2024-06-09,KM_01,206.16,8.78,1.08,78.1,3.61,4.0,138.13,246.42
CIT-2023-0011,citrus,Hoedspruit_A,2023-2024,3,B2,11,18,2024-05-10,KM_01,202.11,11.68,2.0,68.13,4.09,8.0,132.22,260.81
CIT-2023-0012,citrus,Hoedspruit_A,2023-2024,1,B1,13,13,2024-05-19,TM_01,203.59,13.04,1.56,108.09,4.9,9.0,102.9,261.11
CIT-2023-0012,citrus,Hoedspruit_A,2023-2024,2,B2,3,19,2024-05-30,TM_01,194.71,12.02,1.39,82.59,5.45,1.0,100.41,237.06
CIT-2023-0012,citrus,Hoedspruit_A,2023-2024,3,B1,5,9,2024-05-17,TM_01,,13.2,1.1,75.58,4.38,7.0,121.65,263.48
CIT-2023-0013,citrus,Hoedspruit_A,2023-2024,2,B1,8,17,2024-05-05,TM_02,202.11,12.22,1.08,82.04,6.01,7.0,130.37,238.08
CIT-2023-0013,citrus,Hoedspruit_A,2023-2024,3,B2,3,5,2024-06-11,TM_01,217.78,11.33,0.6,76.89,4.72,13.0,280.86,246.73
CIT-2023-0014,citrus,Hoedspruit_A,2023-2024,1,B3,9,6,2024-05-01,TM_02,166.62,9.27,1.25,50.93,5.04,0.0,65.16,265.26
CIT-2023-0014,citrus,Hoedspruit_A,2023-2024,2,B3,10,15,2024-06-06,TM_01,183.53,11.28,1.25,79.95,4.54,6.0,81.57,232.02
CIT-2023-0014,citrus,Hoedspruit_A,2023-2024,3,B2,1,4,2024-05-14,KM_01,180.45,12.68,1.14,102.45,3.7,8.0,86.4,248.05
CIT-2023-0015,citrus,Hoedspruit_A,2023-2024,3,B1,11,19,2024-05-30,TM_02,179.97,11.42,1.51,90.5,4.84,10.0,130.34,233.4
CIT-2018-0001,citrus,Letsitele_D,2023-2024,1,B3,6,4,2024-05-16,KM_01,189.21,10.84,1.45,84.39,4.76,7.0,101.32,233.92
CIT-2018-0001,citrus,Letsitele_D,2023-2024,2,B2,6,13,2024-06-06,TM_02,171.6,12.25,1.14,90.73,4.98,4.0,116.76,248.01
CIT-2018-0001,citrus,Letsitele_D,2023-2024,3,B1,6,11,2024-05-16,KM_01,177.86,8.89,1.16,97.02,5.19,8.0,105.48,237.65
CIT-2018-0002,citrus,Letsitele_D,2023-2024,1,B2,13,8,2024-05-09,KM_01,170.3,11.29,1.05,,6.34,3.0,159.19,216.0
CIT-2018-0002,citrus,Letsitele_D,2023-2024,2,B1,7,4,2024-05-03,TM_02,205.99,9.87,0.92,85.87,5.68,8.0,129.29,557.78
CIT-2018-0002,citrus,Letsitele_D,2023-2024,3,B1,3,13,2024-05-09,TM_01,166.82,8.2,1.52,86.6,4.44,8.0,131.35,248.09
CIT-2018-0003,citrus,Letsitele_D,2023-2024,1,B1,4,5,2024-06-11,KM_01,186.64,11.33,1.14,91.97,2.14,8.0,141.16,233.48
CIT-2018-0003,citrus,Letsitele_D,2023-2024,2,B1,2,22,2024-05-16,KM_01,199.17,10.54,1.08,110.09,4.69,10.0,130.93,250.5
CIT-2018-0003,citrus,Letsitele_D,2023-2024,3,B2,11,3,2024-06-01,KM_01,175.33,10.47,1.05,114.87,4.09,12.0,121.0,244.45
CIT-2018-0004,citrus,Letsitele_D,2023-2024,1,B1,6,8,2024-05-14,KM_01,179.52,9.68,1.13,89.04,4.94,10.0,112.1,249.05
CIT-2018-0004,citrus,Letsitele_D,2023-2024,2,B1,9,22,2024-05-13,TM_02,194.93,10.29,1.14,95.91,3.36,11.0,123.78,211.05
CIT-2018-0004,citrus,Letsitele_D,2023-2024,3,B1,7,15,2024-05-29,KM_01,178.87,10.55,1.59,79.63,4.83,10.0,167.85,209.46
CIT-2018-0005,citrus,Letsitele_D,2023-2024,1,B1,9,2,2024-06-03,TM_02,176.7,9.4,1.44,91.56,4.6,17.0,123.33,228.03
CIT-2018-0005,citrus,Letsitele_D,2023-2024,2,B2,4,15,2024-05-04,TM_02,182.39,8.77,0.87,96.19,4.72,12.0,109.07,255.01
CIT-2018-0005,citrus,Letsitele_D,2023-2024,3,B1,3,3,2024-05-10,TM_02,232.75,11.97,1.6,69.12,3.53,8.0,134.48,228.73
CIT-2018-0006,citrus,Letsitele_D,2023-2024,1,B2,1,24,2024-05-27,KM_01,197.66,9.17,1.35,85.16,3.41,9.0,125.85,222.71
CIT-2018-0006,citrus,Letsitele_D,2023-2024,2,B3,6,6,2024-06-03,TM_01,186.73,11.58,0.77,73.88,3.38,6.0,113.34,213.76
CIT-2018-0006,citrus,Letsitele_D,2023-2024,3,B1,13,16,2024-05-28,TM_01,229.77,10.95,1.03,64.11,4.35,7.0,123.04,219.31
CIT-2018-0007,citrus,Letsitele_D,2023-2024,1,B3,10,23,2024-05-16,TM_02,215.66,10.7,0.94,,6.1,11.0,97.46,233.72
CIT-2018-0007,citrus,Letsitele_D,2023-2024,2,B2,11,3,2024-05-27,KM_01,240.22,11.58,1.17,103.75,5.54,9.0,124.09,246.73
CIT-2018-0007,citrus,Letsitele_D,2023-2024,3,B2,13,2,2024-05-24,KM_01,207.97,11.64,1.48,68.93,5.57,0.0,100.69,261.16
CIT-2018-0008,citrus,Letsitele_D,2023-2024,1,B1,1,16,2024-05-14,KM_01,160.97,9.54,1.9,83.19,6.37,12.0,113.76,235.78
CIT-2018-0008,citrus,Letsitele_D,2023-2024,2,B2,9,13,2024-05-03,TM_02,159.91,8.2,1.12,74.97,4.18,14.0,138.3,259.51
CIT-2018-0008,citrus,Letsitele_D,2023-2024,3,B2,1,24,2024-05-31,TM_01,171.05,11.88,1.64,87.56,5.99,10.0,101.41,233.39
CIT-2018-0009,citrus,Letsitele_D,2023-2024,1,B2,1,7,2024-05-06,KM_01,141.47,13.88,1.3,73.15,3.76,10.0,112.25,233.21
CIT-2018-0009,citrus,Letsitele_D,2023-2024,2,B3,7,3,2024-06-04,KM_01,156.99,13.89,1.06,79.16,6.41,10.0,105.72,208.46
CIT-2018-0009,citrus,Letsitele_D,2023-2024,3,B3,10,7,2024-05-25,TM_01,186.58,12.81,1.48,98.45,4.34,2.0,119.23,239.58
CIT-2018-0010,citrus,Letsitele_D,2023-2024,1,B1,1,9,2024-05-14,TM_02,195.81,13.23,1.75,99.39,3.18,9.0,145.05,210.98
CIT-2018-0010,citrus,Letsitele_D,2023-2024,2,B2,1,18,2024-05-10,KM_01,172.78,11.51,1.29,87.51,3.88,6.0,95.17,244.87
CIT-2018-0010,citrus,Letsitele_D,2023-2024,3,B1,4,13,2024-06-03,KM_01,171.97,11.57,1.7,93.37,4.28,10.0,142.16,230.5
CIT-2018-0011,citrus,Letsitele_D,2023-2024,1,B1,3,20,2024-06-01,KM_01,169.08,11.43,1.43,88.36,3.32,6.0,139.14,254.23
CIT-2018-0011,citrus,Letsitele_D,2023-2024,2,B2,8,10,2024-05-16,TM_02,178.42,14.29,1.59,61.67,4.55,8.0,85.28,
CIT-2018-0011,citrus,Letsitele_D,2023-2024,3,B2,8,17,2024-05-15,TM_02,188.67,12.15,1.72,94.53,4.15,5.0,120.49,238.06
CIT-2018-0012,citrus,Letsitele_D,2023-2024,1,B3,4,21,2024-05-08,TM_01,188.27,11.59,1.41,90.89,4.13,13.0,155.92,237.15
CIT-2018-0012,citrus,Letsitele_D,2023-2024,2,B3,7,24,2024-05-24,KM_01,195.38,11.87,1.92,91.63,5.98,3.0,134.39,200.66
CIT-2018-0012,citrus,Letsitele_D,2023-2024,3,B2,7,3,2024-06-11,TM_01,205.36,11.75,0.89,87.75,6.19,6.0,117.29,
CIT-2018-0013,citrus,Letsitele_D,2023-2024,1,B1,10,10,2024-05-23,TM_01,194.57,12.12,1.78,95.81,3.72,15.0,103.54,235.8
CIT-2018-0013,citrus,Letsitele_D,2023-2024,2,B1,13,20,2024-05-15,TM_02,183.84,12.3,1.07,99.98,4.47,13.0,117.59,223.75
CIT-2018-0013,citrus,Letsitele_D,2023-2024,3,B1,7,12,2024-05-18,TM_01,199.74,12.84,1.67,84.37,5.04,10.0,133.32,209.31
CIT-2018-0014,citrus,Letsitele_D,2023-2024,1,B2,10,7,2024-05-19,KM_01,191.66,10.72,1.34,104.9,5.17,10.0,129.63,199.0
CIT-2018-0014,citrus,Letsitele_D,2023-2024,2,B1,6,9,2024-05-28,TM_02,169.5,12.18,0.85,,4.5,14.0,131.44,223.29
CIT-2018-0014,citrus,Letsitele_D,2023-2024,3,B2,14,6,2024-05-08,TM_01,162.25,12.54,1.36,100.33,3.98,4.0,137.07,202.67
CIT-2018-0015,citrus,Letsitele_D,2023-2024,1,B3,13,5,2024-05-26,TM_01,194.64,9.23,0.71,94.26,4.58,5.0,155.44,257.63
CIT-2018-0015,citrus,Letsitele_D,2023-2024,2,B2,12,6,2024-05-30,TM_02,155.07,7.17,0.77,97.06,4.46,16.0,170.62,271.51
CIT-2018-0015,citrus,Letsitele_D,2023-2024,3,B1,13,17,2024-06-08,TM_02,209.02,9.79,1.05,87.31,5.98,19.0,124.66,255.79
CIT-2018-0016,citrus,Letsitele_D,2023-2024,1,B2,8,3,2024-05-31,TM_01,194.46,13.42,1.24,92.42,4.27,9.0,142.12,242.68
CIT-2018-0016,citrus,Letsitele_D,2023-2024,2,B2,4,15,2024-05-11,KM_01,151.44,,1.1,72.23,5.51,10.0,129.39,242.33
CIT-2018-0016,citrus,Letsitele_D,2023-2024,3,B3,5,11,2024-06-06,TM_01,,10.08,1.26,75.45,4.07,11.0,110.14,252.12
CIT-2018-0017,citrus,Letsitele_D,2023-2024,1,B1,7,13,2024-05-27,KM_01,197.8,,0.69,94.92,5.53,12.0,126.61,267.41
CIT-2018-0017,citrus,Letsitele_D,2023-2024,2,B3,7,20,2024-05-06,TM_02,161.5,11.28,1.07,103.91,3.83,11.0,99.09,245.43
CIT-2018-0017,citrus,Letsitele_D,2023-2024,3,B1,10,22,2024-05-18,TM_01,204.34,10.65,0.79,94.47,2.83,11.0,136.49,256.36
CIT-2019-0001,citrus,Letsitele_D,2023-2024,1,B2,14,13,2024-05-02,TM_01,162.77,13.04,1.33,77.21,4.05,3.0,128.07,230.68
CIT-2019-0001,citrus,Letsitele_D,2023-2024,2,B3,2,7,2024-06-03,TM_02,195.47,12.65,1.92,103.64,5.05,8.0,114.17,219.92
CIT-2019-0002,citrus,Letsitele_D,2023-2024,1,B1,11,4,2024-05-11,KM_01,177.38,10.99,0.98,94.53,4.93,10.0,131.04,256.35
CIT-2019-0002,citrus,Letsitele_D,2023-2024,3,B2,12,6,2024-05-21,TM_01,182.89,12.06,1.25,92.05,5.15,9.0,119.47,224.39
CIT-2019-0003,citrus,Letsitele_D,2023-2024,1,B1,11,23,2024-05-28,TM_01,149.8,11.72,0.91,120.52,3.14,6.0,135.97,217.07
CIT-2019-0003,citrus,Letsitele_D,2023-2024,2,B2,3,2,2024-05-08,TM_02,156.7,11.57,1.39,79.04,4.67,11.0,103.71,234.46
CIT-2019-0003,citrus,Letsitele_D,2023-2024,3,B2,10,21,2024-05-10,TM_01,154.8,11.59,1.67,89.08,4.04,11.0,124.04,262.82
CIT-2019-0004,citrus,Letsitele_D,2023-2024,1,B3,14,23,2024-06-07,KM_01,150.12,10.31,1.59,94.09,6.25,10.0,84.39,192.63
CIT-2019-0004,citrus,Letsitele_D,2023-2024,2,B1,9,21,2024-05-31,TM_01,176.18,12.15,0.72,87.12,4.98,8.0,136.51,223.45
CIT-2019-0004,citrus,Letsitele_D,2023-2024,3,B2,13,4,2024-06-01,TM_01,104.72,10.63,0.52,85.9,4.13,14.0,123.2,232.65
CIT-2019-0005,citrus,Letsitele_D,2023-2024,1,B3,9,11,2024-06-02,TM_01,152.42,11.35,,94.12,4.2,7.0,128.22,239.43
CIT-2019-0005,citrus,Letsitele_D,2023-2024,2,B1,1,3,2024-06-04,TM_01,164.9,12.8,1.4,78.98,5.0,7.0,,250.34
CIT-2019-0005,citrus,Letsitele_D,2023-2024,3,B2,6,3,2024-05-07,TM_01,176.15,11.23,1.62,96.58,6.36,10.0,149.67,276.36
CIT-2019-0006,citrus,Letsitele_D,2023-2024,1,B3,3,1,2024-06-02,TM_02,134.77,12.47,1.77,89.57,4.23,9.0,130.72,232.27
CIT-2019-0006,citrus,Letsitele_D,2023-2024,2,B3,13,4,2024-06-02,TM_01,200.86,14.73,,111.15,5.42,2.0,116.93,232.37
CIT-2019-0006,citrus,Letsitele_D,2023-2024,3,B1,8,22,2024-05-25,TM_02,172.32,13.64,1.09,96.23,4.25,12.0,130.93,240.07
CIT-2019-0007,citrus,Letsitele_D,2023-2024,1,B1,3,5,2024-06-14,TM_01,155.14,11.88,1.38,,5.8,9.0,138.69,260.34
CIT-2019-0007,citrus,Letsitele_D,2023-2024,2,B1,6,12,2024-05-25,KM_01,163.96,12.31,0.97,78.79,4.34,10.0,93.91,
CIT-2019-0007,citrus,Letsitele_D,2023-2024,3,B3,3,1,2024-05-10,TM_02,165.67,13.2,1.94,87.26,3.7,14.0,116.47,273.37
CIT-2019-0008,citrus,Letsitele_D,2023-2024,1,B2,9,6,2024-05-17,TM_01,,10.77,1.25,84.47,4.85,7.0,112.61,251.73
CIT-2019-0008,citrus,Letsitele_D,2023-2024,2,B1,3,4,2024-05-09,KM_01,173.33,10.43,1.17,92.05,4.12,5.0,150.62,201.49
CIT-2019-0008,citrus,Letsitele_D,2023-2024,3,B3,10,18,2024-05-18,TM_01,213.13,12.24,1.71,90.96,3.91,6.0,122.19,210.71
CIT-2019-0009,citrus,Letsitele_D,2023-2024,1,B3,10,21,2024-05-10,KM_01,158.7,9.66,1.19,89.15,5.48,7.0,130.75,239.05
CIT-2019-0009,citrus,Letsitele_D,2023-2024,2,B1,14,20,2024-06-13,TM_01,172.32,10.12,0.94,97.42,6.18,10.0,145.61,253.35
CIT-2019-0009,citrus,Letsitele_D,2023-2024,3,B2,8,13,2024-06-03,KM_01,142.26,12.16,1.26,88.55,5.28,14.0,128.26,263.13
CIT-2019-0010,citrus,Letsitele_D,2023-2024,1,B3,4,12,2024-05-25,TM_02,163.52,12.53,2.53,89.25,5.44,13.0,131.72,246.41
CIT-2019-0010,citrus,Letsitele_D,2023-2024,2,B2,9,20,2024-05-01,KM_01,167.3,16.22,1.53,91.75,4.62,14.0,132.13,236.47
CIT-2019-0011,citrus,Letsitele_D,2023-2024,1,B1,9,18,2024-06-02,TM_01,185.36,11.52,0.71,66.67,4.81,7.0,116.94,246.42
CIT-2019-0011,citrus,Letsitele_D,2023-2024,2,B1,1,9,2024-05-25,TM_01,153.79,9.44,1.03,77.07,4.65,6.0,134.73,238.05
CIT-2019-0011,citrus,Letsitele_D,2023-2024,3,B1,9,20,2024-06-07,KM_01,160.36,9.19,0.39,75.6,5.08,13.0,128.63,279.62
CIT-2019-0012,citrus,Letsitele_D,2023-2024,1,B2,14,21,2024-05-03,TM_01,186.32,10.29,1.05,65.31,4.11,8.0,123.55,218.67
CIT-2019-0012,citrus,Letsitele_D,2023-2024,2,B1,6,16,2024-05-03,TM_01,145.6,12.2,1.69,77.4,4.88,10.0,116.69,185.5
CIT-2019-0012,citrus,Letsitele_D,2023-2024,3,B3,4,1,2024-05-25,TM_01,158.99,11.54,1.33,92.11,5.0,11.0,125.42,207.73
CIT-2019-0013,citrus,Letsitele_D,2023-2024,1,B1,8,5,2024-05-09,TM_01,174.53,11.52,1.42,63.58,4.3,5.0,139.75,240.73
CIT-2019-0013,citrus,Letsitele_D,2023-2024,2,B3,5,2,2024-05-15,TM_01,209.04,9.61,1.65,90.99,4.74,5.0,134.22,209.32
CIT-2019-0013,citrus,Letsitele_D,2023-2024,3,B2,10,13,2024-05-11,TM_02,,11.46,1.13,93.03,3.97,0.0,124.19,223.09
CIT-2019-0014,citrus,Letsitele_D,2023-2024,1,B2,12,15,2024-05-23,TM_02,203.0,11.49,1.14,80.46,3.34,11.0,118.35,238.08
CIT-2019-0014,citrus,Letsitele_D,2023-2024,2,B2,9,11,2024-05-13,TM_01,217.43,12.22,1.41,103.86,3.83,12.0,125.84,253.28
CIT-2019-0014,citrus,Letsitele_D,2023-2024,3,B2,6,13,2024-05-01,TM_01,187.85,12.82,1.33,94.66,4.07,5.0,10.18,221.08
CIT-2019-0015,citrus,Letsitele_D,2023-2024,1,B2,3,18,2024-06-11,TM_01,204.61,13.58,1.0,79.84,5.36,7.0,156.57,
CIT-2019-0015,citrus,Letsitele_D,2023-2024,2,B1,4,19,2024-06-04,KM_01,190.17,11.09,0.96,54.49,4.29,8.0,111.44,219.84
CIT-2019-0015,citrus,Letsitele_D,2023-2024,3,B3,7,9,2024-05-20,TM_01,151.74,9.77,1.15,76.75,5.15,,148.56,230.43
CIT-2019-0016,citrus,Letsitele_D,2023-2024,1,B3,12,21,2024-06-08,TM_02,195.1,11.22,0.78,80.63,4.7,4.0,149.17,232.93
CIT-2019-0016,citrus,Letsitele_D,2023-2024,2,B3,13,24,2024-05-25,KM_01,130.61,10.07,0.89,77.72,3.95,8.0,162.0,245.99
CIT-2019-0016,citrus,Letsitele_D,2023-2024,3,B3,8,20,2024-05-31,TM_02,178.96,9.73,0.65,61.06,5.51,5.0,127.58,242.93
CIT-2019-0017,citrus,Letsitele_D,2023-2024,1,B3,1,4,2024-05-02,KM_01,159.89,9.37,0.97,87.02,3.03,10.0,118.71,226.96
CIT-2019-0017,citrus,Letsitele_D,2023-2024,2,B1,5,23,2024-06-04,TM_01,178.47,11.93,,72.52,4.83,8.0,124.62,239.74
CIT-2019-0017,citrus,Letsitele_D,2023-2024,3,B3,6,19,2024-05-21,TM_02,224.37,11.5,1.1,73.77,4.96,6.0,127.93,176.75
CIT-2020-0001,citrus,Letsitele_D,2023-2024,1,B1,5,9,2024-05-11,TM_01,151.28,13.05,1.65,74.42,3.42,5.0,124.72,224.14
CIT-2020-0001,citrus,Letsitele_D,2023-2024,2,B2,14,14,2024-05-28,TM_02,187.63,9.56,1.42,111.07,3.29,6.0,106.94,240.28
CIT-2020-0001,citrus,Letsitele_D,2023-2024,3,B1,5,14,2024-06-05,TM_02,166.49,12.04,1.24,76.2,3.33,4.0,109.74,247.19
CIT-2020-0002,citrus,Letsitele_D,2023-2024,1,B3,13,21,2024-06-03,TM_01,172.76,12.93,1.34,62.85,3.98,7.0,135.98,260.26
CIT-2020-0002,citrus,Letsitele_D,2023-2024,2,B1,10,14,2024-05-08,KM_01,144.94,12.67,1.11,63.46,4.86,6.0,130.32,270.37
CIT-2020-0002,citrus,Letsitele_D,2023-2024,3,B1,9,6,2024-05-17,TM_02,180.14,13.14,1.01,72.47,4.04,7.0,123.21,221.11
CIT-2020-0003,citrus,Letsitele_D,2023-2024,1,B2,2,9,2024-06-10,KM_01,164.68,14.03,1.09,89.65,4.5,14.0,114.28,232.1
CIT-2020-0003,citrus,Letsitele_D,2023-2024,2,B1,6,8,2024-06-08,KM_01,119.22,12.43,1.4,81.35,4.43,4.0,123.1,262.85
CIT-2020-0003,citrus,Letsitele_D,2023-2024,3,B2,10,12,2024-05-13,KM_01,196.61,10.15,0.89,75.55,5.34,10.0,112.03,239.3
CIT-2020-0004,citrus,Letsitele_D,2023-2024,1,B1,8,22,2024-06-03,TM_02,177.96,10.81,1.24,108.99,4.59,7.0,138.71,218.33
CIT-2020-0004,citrus,Letsitele_D,2023-2024,2,B3,3,11,2024-05-02,TM_02,156.75,11.09,1.42,103.3,4.06,3.0,124.82,229.86
CIT-2020-0004,citrus,Letsitele_D,2023-2024,3,B1,10,18,2024-05-19,TM_02,166.79,9.95,1.43,82.83,5.16,6.0,100.05,246.13
CIT-2020-0005,citrus,Letsitele_D,2023-2024,1,B1,14,4,2024-05-20,TM_02,182.49,13.58,0.71,86.96,3.26,9.0,124.87,246.76
CIT-2020-0005,citrus,Letsitele_D,2023-2024,2,B1,14,13,2024-05-06,TM_01,180.83,12.79,0.9,101.27,5.88,6.0,120.02,242.04
CIT-2020-0005,citrus,Letsitele_D,2023-2024,3,B3,9,15,2024-05-04,TM_01,211.76,13.34,1.11,91.33,5.64,12.0,124.75,235.8
CIT-2020-0006,citrus,Letsitele_D,2023-2024,1,B2,12,4,2024-05-26,TM_02,218.56,12.37,1.22,98.2,3.95,3.0,135.29,255.26
CIT-2020-0006,citrus,Letsitele_D,2023-2024,2,B3,12,16,2024-06-02,KM_01,224.82,11.02,1.31,73.17,5.33,3.0,130.74,233.12
CIT-2020-0006,citrus,Letsitele_D,2023-2024,3,B1,1,8,2024-06-02,TM_02,162.87,13.23,0.82,61.27,3.44,4.0,158.25,263.09
CIT-2020-0007,citrus,Letsitele_D,2023-2024,1,B3,1,3,2024-06-04,TM_01,166.92,12.27,1.43,110.78,3.73,5.0,137.75,244.02
CIT-2020-0007,citrus,Letsitele_D,2023-2024,2,B2,14,5,2024-06-09,TM_02,189.78,11.33,1.31,97.15,3.22,3.0,144.37,238.8
CIT-2020-0007,citrus,Letsitele_D,2023-2024,3,B2,7,17,2024-05-15,KM_01,163.49,9.95,0.85,84.43,3.73,5.0,147.96,250.27
CIT-2020-0008,citrus,Letsitele_D,2023-2024,1,B2,4,1,2024-05-10,KM_01,224.63,13.01,1.1,53.37,3.29,8.0,106.13,260.92
CIT-2020-0008,citrus,Letsitele_D,2023-2024,2,B2,9,11,2024-05-08,TM_01,220.42,12.52,0.81,77.4,4.38,6.0,,243.94
CIT-2020-0008,citrus,Letsitele_D,2023-2024,3,B1,5,23,2024-06-08,KM_01,170.98,11.63,1.74,74.65,4.2,9.0,100.43,244.47
CIT-2020-0009,citrus,Letsitele_D,2023-2024,1,B2,1,5,2024-05-22,TM_02,181.15,12.7,1.93,61.7,5.18,10.0,,242.29
CIT-2020-0009,citrus,Letsitele_D,2023-2024,2,B2,9,23,2024-05-26,TM_01,188.63,11.1,1.36,58.62,5.87,,133.99,225.79
CIT-2020-0009,citrus,Letsitele_D,2023-2024,3,B1,3,11,2024-06-03,TM_01,175.34,11.72,1.31,66.13,6.11,7.0,136.65,224.6
CIT-2020-0010,citrus,Letsitele_D,2023-2024,1,B1,8,24,2024-05-11,TM_02,186.56,11.68,1.11,99.62,5.36,7.0,107.16,243.95
CIT-2020-0010,citrus,Letsitele_D,2023-2024,2,B3,5,6,2024-05-14,TM_02,192.81,9.62,1.34,70.44,5.9,3.0,154.94,239.98
CIT-2020-0010,citrus,Letsitele_D,2023-2024,3,B3,5,13,2024-06-02,TM_01,201.09,9.87,1.41,104.83,4.6,6.0,150.31,264.69
CIT-2020-0011,citrus,Letsitele_D,2023-2024,1,B2,11,3,2024-05-22,TM_01,206.96,12.85,0.63,78.38,4.1,11.0,91.36,222.37
CIT-2020-0011,citrus,Letsitele_D,2023-2024,2,B1,10,17,2024-05-05,TM_01,207.35,11.99,1.42,103.84,5.87,8.0,79.51,202.17
CIT-2020-0011,citrus,Letsitele_D,2023-2024,3,B2,7,18,2024-06-11,KM_01,192.45,15.05,1.28,86.74,4.03,8.0,80.49,204.74
CIT-2020-0012,citrus,Letsitele_D,2023-2024,1,B3,11,24,2024-06-07,TM_01,191.64,11.47,1.1,67.15,5.32,11.0,145.78,242.15
CIT-2020-0012,citrus,Letsitele_D,2023-2024,2,B2,14,18,2024-06-06,KM_01,190.69,13.03,1.22,78.73,5.21,10.0,145.23,228.4
CIT-2020-0012,citrus,Letsitele_D,2023-2024,3,B2,4,9,2024-06-12,KM_01,216.54,13.28,1.56,75.73,5.25,12.0,127.84,241.8
CIT-2020-0013,citrus,Letsitele_D,2023-2024,1,B1,11,18,2024-05-11,TM_01,,12.56,0.92,53.32,5.18,12.0,105.47,247.54
CIT-2020-0013,citrus,Letsitele_D,2023-2024,2,B1,6,21,2024-05-05,TM_01,191.79,10.87,0.7,101.11,4.0,9.0,88.0,238.01
CIT-2020-0013,citrus,Letsitele_D,2023-2024,3,B2,3,8,2024-05-08,TM_01,168.52,7.54,0.13,66.8,5.07,14.0,127.5,234.7
CIT-2020-0014,citrus,Letsitele_D,2023-2024,1,B3,11,9,2024-06-04,TM_02,165.07,9.5,1.03,60.08,4.89,10.0,90.66,220.93
CIT-2020-0014,citrus,Letsitele_D,2023-2024,2,B2,12,11,2024-05-28,TM_01,164.65,11.62,0.99,75.9,5.01,8.0,88.4,242.1
CIT-2020-0014,citrus,Letsitele_D,2023-2024,3,B3,7,13,2024-05-15,KM_01,183.07,12.35,0.74,63.35,4.0,8.0,108.97,228.25
CIT-2020-0015,citrus,Letsitele_D,2023-2024,1,B1,1,12,2024-05-09,KM_01,216.85,12.91,0.6,100.98,2.03,9.0,122.37,244.01
CIT-2020-0015,citrus,Letsitele_D,2023-2024,2,B2,14,22,2024-05-03,KM_01,178.27,12.33,0.19,87.66,4.04,8.0,144.88,261.12
CIT-2020-0015,citrus,Letsitele_D,2023-2024,3,B3,1,13,2024-05-14,TM_02,178.95,10.71,0.35,105.56,2.63,9.0,148.56,271.51
CIT-2020-0016,citrus,Letsitele_D,2023-2024,1,B3,1,23,2024-05-27,TM_01,126.61,13.05,1.6,,3.88,6.0,82.58,234.23
CIT-2020-0016,citrus,Letsitele_D,2023-2024,2,B1,12,14,2024-05-25,TM_02,168.45,12.77,2.17,100.97,5.59,8.0,112.61,262.91
CIT-2020-0016,citrus,Letsitele_D,2023-2024,3,B2,8,3,2024-05-14,TM_01,107.68,12.31,1.81,109.08,4.22,5.0,137.3,231.95
CIT-2020-0017,citrus,Letsitele_D,2023-2024,1,B2,1,14,2024-05-31,TM_01,163.85,11.44,1.68,88.83,4.71,12.0,135.52,224.86
CIT-2020-0017,citrus,Letsitele_D,2023-2024,2,B3,9,4,2024-06-04,TM_01,167.28,10.03,1.43,96.86,4.98,6.0,122.65,
CIT-2020-0017,citrus,Letsitele_D,2023-2024,3,B1,4,17,2024-05-22,TM_01,187.01,9.84,0.97,95.71,5.55,10.0,121.65,253.26
CIT-2021-0001,citrus,Letsitele_D,2023-2024,1,B1,5,7,2024-05-11,TM_01,168.13,11.31,0.82,75.15,4.13,10.0,142.14,234.8
CIT-2021-0001,citrus,Letsitele_D,2023-2024,2,B2,11,18,2024-06-12,TM_01,181.98,13.67,0.42,90.21,4.48,10.0,131.58,231.99
CIT-2021-0001,citrus,Letsitele_D,2023-2024,3,B2,2,23,2024-05-03,TM_02,212.05,12.9,1.04,83.71,4.52,7.0,129.04,233.95
CIT-2021-0002,citrus,Letsitele_D,2023-2024,1,B2,14,19,2024-05-25,TM_02,167.9,12.07,1.09,78.64,3.89,6.0,133.13,241.02
CIT-2021-0002,citrus,Letsitele_D,2023-2024,2,B3,4,24,2024-05-15,TM_02,170.02,12.31,0.81,53.44,3.94,8.0,114.4,219.71
CIT-2021-0002,citrus,Letsitele_D,2023-2024,3,B3,3,2,2024-05-23,TM_02,165.11,13.24,1.11,70.33,3.74,7.0,120.89,220.62
CIT-2021-0003,citrus,Letsitele_D,2023-2024,1,B3,9,19,2024-05-25,TM_01,177.11,10.79,1.37,91.41,4.41,6.0,126.26,238.47
CIT-2021-0003,citrus,Letsitele_D,2023-2024,2,B3,3,8,2024-06-11,KM_01,196.32,11.46,1.84,77.07,4.16,7.0,110.59,252.22
CIT-2021-0003,citrus,Letsitele_D,2023-2024,3,B3,11,13,2024-05-13,TM_02,214.27,12.53,1.37,85.19,3.8,7.0,115.63,229.18
CIT-2021-0004,citrus,Letsitele_D,2023-2024,1,B3,11,11,2024-05-24,TM_01,201.55,14.58,0.66,90.77,5.94,4.0,97.93,247.25
CIT-2021-0004,citrus,Letsitele_D,2023-2024,2,B1,14,21,2024-06-11,KM_01,170.94,11.63,0.88,64.49,6.4,4.0,138.61,253.95
CIT-2021-0004,citrus,Letsitele_D,2023-2024,3,B3,4,11,2024-05-10,KM_01,211.74,11.12,1.08,95.97,5.29,4.0,79.26,253.92
CIT-2021-0005,citrus,Letsitele_D,2023-2024,1,B3,8,2,2024-05-11,KM_01,178.48,10.18,,76.25,5.21,7.0,118.75,253.39
CIT-2021-0005,citrus,Letsitele_D,2023-2024,2,B2,12,10,2024-05-05,TM_01,204.47,13.35,1.25,72.69,4.27,7.0,75.73,261.03
CIT-2021-0005,citrus,Letsitele_D,2023-2024,3,B3,12,18,2024-05-11,KM_01,215.54,12.64,1.52,77.8,,12.0,,253.95
CIT-2021-0006,citrus,Letsitele_D,2023-2024,1,B2,4,7,2024-05-16,TM_02,167.64,11.7,1.07,59.46,4.44,9.0,126.02,221.36
CIT-2021-0006,citrus,Letsitele_D,2023-2024,2,B2,6,10,2024-06-04,KM_01,165.04,13.33,0.91,65.36,3.3,7.0,112.2,216.9
CIT-2021-0006,citrus,Letsitele_D,2023-2024,3,B1,9,5,2024-05-29,TM_02,156.32,10.61,0.94,79.29,5.11,11.0,141.95,249.77
CIT-2021-0007,citrus,Letsitele_D,2023-2024,1,B2,12,7,2024-05-29,TM_02,174.72,11.92,1.18,86.0,6.16,1.0,126.12,257.46
CIT-2021-0007,citrus,Letsitele_D,2023-2024,2,B1,5,21,2024-05-27,KM_01,180.13,11.48,1.56,87.54,5.29,0.0,122.37,235.29
CIT-2021-0007,citrus,Letsitele_D,2023-2024,3,B1,2,17,2024-05-03,KM_01,176.09,10.52,1.67,105.1,5.94,11.0,118.46,240.62
CIT-2021-0008,citrus,Letsitele_D,2023-2024,1,B1,10,8,2024-05-23,TM_01,190.44,,1.28,104.53,3.85,11.0,78.48,224.63
CIT-2021-0008,citrus,Letsitele_D,2023-2024,2,B2,11,2,2024-05-27,TM_02,178.59,9.9,1.12,106.16,4.11,4.0,103.06,209.25
CIT-2021-0008,citrus,Letsitele_D,2023-2024,3,B3,2,11,2024-06-10,KM_01,156.53,10.53,1.3,89.54,6.4,9.0,127.61,200.91
CIT-2021-0009,citrus,Letsitele_D,2023-2024,1,B1,5,19,2024-06-13,TM_02,174.08,11.61,0.92,67.43,6.46,8.0,116.5,242.47
CIT-2021-0009,citrus,Letsitele_D,2023-2024,2,B1,8,10,2024-05-08,TM_01,176.03,12.64,,84.15,4.22,7.0,136.8,227.96
CIT-2021-0009,citrus,Letsitele_D,2023-2024,3,B3,3,3,2024-06-11,KM_01,199.71,12.09,1.2,98.09,4.18,7.0,132.99,224.76
CIT-2021-0010,citrus,Letsitele_D,2023-2024,1,B1,8,13,2024-05-14,KM_01,161.14,12.63,1.15,78.07,3.66,12.0,119.65,260.45
CIT-2021-0010,citrus,Letsitele_D,2023-2024,2,B3,9,4,2024-05-07,TM_01,160.72,11.38,1.52,71.91,5.12,,125.48,227.04
CIT-2021-0010,citrus,Letsitele_D,2023-2024,3,B3,14,13,2024-05-19,TM_01,168.42,11.57,1.1,64.17,2.79,6.0,108.4,246.15
CIT-2021-0011,citrus,Letsitele_D,2023-2024,1,B3,4,17,2024-05-03,KM_01,216.34,11.43,1.27,77.73,5.51,6.0,132.88,262.81
CIT-2021-0011,citrus,Letsitele_D,2023-2024,2,B1,11,5,2024-05-05,TM_01,218.88,11.76,1.49,82.42,5.52,5.0,117.73,235.94
CIT-2021-0011,citrus,Letsitele_D,2023-2024,3,B2,6,12,2024-05-11,TM_02,193.56,11.14,1.04,,6.16,6.0,107.39,226.73
CIT-2021-0012,citrus,Letsitele_D,2023-2024,1,B2,9,20,2024-05-31,KM_01,176.61,12.18,0.94,84.44,3.92,3.0,132.03,247.29
CIT-2021-0012,citrus,Letsitele_D,2023-2024,2,B2,3,24,2024-05-12,TM_02,166.31,8.38,1.67,78.93,2.76,6.0,115.23,258.72
CIT-2021-0012,citrus,Letsitele_D,2023-2024,3,B3,13,5,2024-05-04,TM_02,201.2,10.11,1.3,91.87,3.59,14.0,86.8,
CIT-2021-0013,citrus,Letsitele_D,2023-2024,1,B3,5,24,2024-05-25,TM_02,222.21,10.49,1.09,98.22,4.12,8.0,140.2,231.5
CIT-2021-0013,citrus,Letsitele_D,2023-2024,2,B1,8,4,2024-06-08,TM_01,236.38,11.55,1.0,72.3,5.32,9.0,148.58,231.06
CIT-2021-0013,citrus,Letsitele_D,2023-2024,3,B1,4,24,2024-05-11,TM_01,218.84,10.91,0.94,75.83,3.73,8.0,113.11,225.05
CIT-2021-0014,citrus,Letsitele_D,2023-2024,1,B3,6,23,2024-05-20,TM_01,153.68,11.11,0.8,95.77,6.35,3.0,120.15,244.3
CIT-2021-0014,citrus,Letsitele_D,2023-2024,2,B2,4,2,2024-05-15,TM_01,139.95,13.89,1.15,86.08,4.53,0.0,158.51,
CIT-2021-0014,citrus,Letsitele_D,2023-2024,3,B3,12,10,2024-05-04,TM_02,153.11,11.16,1.08,92.86,5.93,4.0,122.81,249.75
CIT-2021-0015,citrus,Letsitele_D,2023-2024,1,B2,13,1,2024-05-09,TM_01,189.7,13.03,1.54,69.12,4.56,7.0,109.72,233.45
CIT-2021-0015,citrus,Letsitele_D,2023-2024,2,B1,7,7,2024-05-31,KM_01,180.5,10.15,1.41,89.0,4.6,10.0,95.26,235.74
CIT-2021-0015,citrus,Letsitele_D,2023-2024,3,B3,13,3,2024-05-27,KM_01,174.63,11.77,1.1,59.42,4.61,5.0,103.52,248.17
CIT-2021-0016,citrus,Letsitele_D,2023-2024,1,B2,10,20,2024-05-02,TM_01,137.47,10.04,1.32,81.21,3.25,4.0,91.61,249.72
CIT-2021-0016,citrus,Letsitele_D,2023-2024,2,B1,8,10,2024-06-01,TM_01,164.89,10.75,1.15,110.3,3.43,3.0,,218.02
CIT-2021-0016,citrus,Letsitele_D,2023-2024,3,B2,7,24,2024-05-13,KM_01,164.34,,1.07,67.11,5.24,4.0,115.99,250.05
CIT-2021-0017,citrus,Letsitele_D,2023-2024,1,B3,11,12,2024-05-23,KM_01,163.46,12.21,,82.49,4.71,8.0,157.34,263.86
CIT-2021-0017,citrus,Letsitele_D,2023-2024,2,B2,13,16,2024-05-18,TM_02,203.03,11.6,1.64,101.35,3.97,7.0,100.58,227.26
CIT-2021-0017,citrus,Letsitele_D,2023-2024,3,B1,5,8,2024-05-21,TM_02,180.41,8.91,1.39,92.43,5.06,13.0,311.26,244.23
CIT-2022-0001,citrus,Letsitele_D,2023-2024,1,B3,14,20,2024-06-02,TM_01,216.16,9.48,0.94,111.0,4.25,9.0,142.13,
CIT-2022-0001,citrus,Letsitele_D,2023-2024,2,B2,5,14,2024-05-19,TM_02,146.36,10.66,1.07,83.8,4.28,6.0,95.33,226.08
CIT-2022-0001,citrus,Letsitele_D,2023-2024,3,B3,8,6,2024-05-23,TM_01,188.34,12.88,0.66,85.95,4.88,2.0,128.19,215.21
CIT-2022-0002,citrus,Letsitele_D,2023-2024,1,B3,6,20,2024-05-20,KM_01,138.6,12.19,1.65,91.84,3.82,6.0,103.49,215.06
CIT-2022-0002,citrus,Letsitele_D,2023-2024,2,B3,6,21,2024-05-20,TM_02,151.35,12.17,1.49,88.59,6.13,7.0,141.05,235.69
CIT-2022-0002,citrus,Letsitele_D,2023-2024,3,B1,2,19,2024-05-07,KM_01,170.45,13.07,1.36,100.0,5.85,15.0,127.79,225.94
CIT-2022-0003,citrus,Letsitele_D,2023-2024,1,B1,5,16,2024-05-07,TM_02,,12.52,1.22,97.02,3.5,11.0,132.17,288.13
CIT-2022-0003,citrus,Letsitele_D,2023-2024,2,B2,10,19,2024-05-22,TM_02,173.43,10.89,1.26,72.69,5.37,9.0,136.43,254.39
CIT-2022-0003,citrus,Letsitele_D,2023-2024,3,B2,11,10,2024-06-07,TM_01,169.09,13.0,1.13,111.37,3.81,14.0,134.86,264.1
CIT-2022-0004,citrus,Letsitele_D,2023-2024,1,B3,8,14,2024-05-01,TM_02,154.33,12.77,1.52,78.3,6.1,7.0,124.0,258.82
CIT-2022-0004,citrus,Letsitele_D,2023-2024,2,B2,2,14,2024-05-10,KM_01,192.37,11.79,1.47,81.89,3.53,8.0,111.9,239.57
CIT-2022-0004,citrus,Letsitele_D,2023-2024,3,B2,10,4,2024-05-17,TM_02,194.28,12.15,1.51,89.73,4.96,7.0,149.69,249.0
CIT-2022-0005,citrus,Letsitele_D,2023-2024,1,B1,10,6,2024-05-08,TM_01,189.12,9.65,1.45,92.59,6.05,1.0,147.02,233.85
CIT-2022-0005,citrus,Letsitele_D,2023-2024,3,B3,4,3,2024-05-17,TM_02,191.6,9.01,1.4,75.71,3.92,8.0,113.07,248.97
CIT-2022-0006,citrus,Letsitele_D,2023-2024,1,B2,5,5,2024-05-26,TM_02,189.52,12.29,1.72,79.1,4.72,5.0,116.45,
CIT-2022-0006,citrus,Letsitele_D,2023-2024,2,B1,7,7,2024-06-11,TM_01,179.57,11.73,1.5,84.11,3.88,1.0,135.25,264.8
CIT-2022-0006,citrus,Letsitele_D,2023-2024,3,B1,14,23,2024-06-10,KM_01,188.26,12.85,1.19,109.68,3.86,2.0,157.49,236.43
CIT-2022-0007,citrus,Letsitele_D,2023-2024,1,B2,9,19,2024-05-25,KM_01,171.31,9.11,0.77,67.82,5.96,13.0,110.0,223.85
CIT-2022-0007,citrus,Letsitele_D,2023-2024,2,B2,3,23,2024-05-25,TM_02,165.58,9.95,1.56,81.72,4.75,2.0,139.13,238.04
CIT-2022-0007,citrus,Letsitele_D,2023-2024,3,B2,10,4,2024-05-08,TM_02,190.34,,1.14,71.27,5.77,8.0,124.61,247.89
CIT-2022-0008,citrus,Letsitele_D,2023-2024,1,B2,6,24,2024-06-02,TM_02,163.98,12.29,1.54,96.06,3.23,9.0,114.8,225.43
CIT-2022-0008,citrus,Letsitele_D,2023-2024,2,B2,6,12,2024-06-08,TM_02,172.98,11.96,1.23,89.03,4.11,5.0,,231.66
CIT-2022-0008,citrus,Letsitele_D,2023-2024,3,B1,14,21,2024-05-05,KM_01,103.16,12.64,1.68,100.96,3.87,5.0,116.36,251.76
CIT-2022-0009,citrus,Letsitele_D,2023-2024,1,B3,14,12,2024-05-29,TM_02,185.06,13.32,0.84,96.67,6.3,,158.08,217.07
CIT-2022-0009,citrus,Letsitele_D,2023-2024,2,B2,12,23,2024-05-13,TM_02,145.31,10.79,1.03,77.46,4.69,10.0,164.13,243.47
CIT-2022-0009,citrus,Letsitele_D,2023-2024,3,B2,8,19,2024-06-02,TM_02,160.39,13.12,1.23,114.33,6.06,4.0,177.89,291.52
CIT-2022-0010,citrus,Letsitele_D,2023-2024,1,B3,5,19,2024-05-15,KM_01,227.76,13.74,1.38,124.85,3.23,7.0,103.61,218.84
CIT-2022-0010,citrus,Letsitele_D,2023-2024,3,B1,2,23,2024-05-07,KM_01,227.1,12.55,1.32,93.61,3.07,6.0,115.83,
CIT-2022-0011,citrus,Letsitele_D,2023-2024,1,B1,8,21,2024-05-25,TM_01,,10.57,0.99,73.63,5.8,13.0,125.98,237.58
CIT-2022-0011,citrus,Letsitele_D,2023-2024,2,B3,10,10,2024-06-02,TM_02,191.68,11.22,1.47,61.62,4.47,7.0,106.32,248.8
CIT-2022-0011,citrus,Letsitele_D,2023-2024,3,B3,12,5,2024-05-16,KM_01,205.37,9.05,0.81,69.07,4.98,9.0,96.4,288.09
CIT-2022-0012,citrus,Letsitele_D,2023-2024,2,B1,11,20,2024-06-05,TM_01,150.9,12.06,1.11,76.52,,14.0,112.59,242.2
CIT-2022-0012,citrus,Letsitele_D,2023-2024,3,B2,9,3,2024-05-03,TM_02,170.94,11.06,1.72,78.21,6.48,8.0,112.25,223.42
CIT-2022-0013,citrus,Letsitele_D,2023-2024,1,B3,8,9,2024-05-29,TM_01,180.97,11.42,0.72,62.69,5.4,3.0,108.04,227.48
CIT-2022-0013,citrus,Letsitele_D,2023-2024,2,B1,12,13,2024-05-14,TM_01,168.16,12.65,1.09,84.36,4.51,9.0,117.91,257.1
CIT-2022-0013,citrus,Letsitele_D,2023-2024,3,B1,8,22,2024-05-19,TM_02,186.93,12.25,1.4,77.92,4.05,3.0,102.81,233.88
CIT-2022-0014,citrus,Letsitele_D,2023-2024,1,B3,1,16,2024-05-01,TM_01,151.05,12.37,1.4,71.75,4.61,11.0,,209.5
CIT-2022-0014,citrus,Letsitele_D,2023-2024,2,B3,3,13,2024-06-10,TM_01,152.56,13.72,1.06,69.08,3.92,11.0,133.05,237.54
CIT-2022-0014,citrus,Letsitele_D,2023-2024,3,B2,5,7,2024-06-10,TM_02,160.15,12.58,0.87,94.13,4.25,6.0,127.68,
CIT-2022-0015,citrus,Letsitele_D,2023-2024,1,B1,13,4,2024-05-18,TM_01,192.62,11.58,1.48,103.73,4.75,4.0,95.27,252.33
CIT-2022-0015,citrus,Letsitele_D,2023-2024,2,B3,8,8,2024-06-06,TM_01,195.12,11.07,,97.21,4.89,2.0,82.79,237.94
CIT-2022-0015,citrus,Letsitele_D,2023-2024,3,B3,4,11,2024-05-05,TM_01,199.79,10.73,0.6,99.04,4.2,10.0,90.81,244.4
CIT-2022-0016,citrus,Letsitele_D,2023-2024,1,B3,13,10,2024-05-05,TM_01,142.27,9.87,0.65,72.07,3.21,10.0,104.77,232.11
CIT-2022-0016,citrus,Letsitele_D,2023-2024,2,B1,4,10,2024-05-26,KM_01,158.93,11.32,1.09,94.62,3.56,9.0,131.77,213.71
CIT-2022-0016,citrus,Letsitele_D,2023-2024,3,B1,4,13,2024-05-15,TM_02,167.22,10.07,0.39,92.63,4.47,12.0,93.86,232.01
CIT-2022-0017,citrus,Letsitele_D,2023-2024,1,B2,7,7,2024-05-30,TM_01,204.85,11.47,0.91,102.58,4.22,4.0,103.52,248.88
CIT-2022-0017,citrus,Letsitele_D,2023-2024,2,B3,7,11,2024-05-20,TM_01,210.19,10.48,1.18,95.09,4.46,4.0,129.91,233.22
CIT-2022-0017,citrus,Letsitele_D,2023-2024,3,B1,12,11,2024-05-18,KM_01,177.77,10.76,1.2,83.98,2.98,8.0,114.05,259.09
CIT-2023-0001,citrus,Letsitele_D,2023-2024,1,B2,1,12,2024-05-07,TM_02,225.53,10.27,4.1,93.0,4.2,13.0,134.18,251.54
CIT-2023-0001,citrus,Letsitele_D,2023-2024,2,B2,6,4,2024-05-01,TM_02,251.44,10.96,1.07,86.76,2.55,10.0,142.43,229.73
CIT-2023-0001,citrus,Letsitele_D,2023-2024,3,B1,4,12,2024-06-07,TM_01,196.3,6.97,2.04,82.13,,12.0,131.06,219.9
CIT-2023-0002,citrus,Letsitele_D,2023-2024,1,B2,7,2,2024-06-07,TM_02,218.72,11.6,1.52,91.74,5.51,10.0,93.0,262.09
CIT-2023-0002,citrus,Letsitele_D,2023-2024,2,B2,14,20,2024-05-26,KM_01,174.64,9.8,1.26,108.8,4.96,7.0,97.01,280.61
CIT-2023-0002,citrus,Letsitele_D,2023-2024,3,B2,13,17,2024-05-12,KM_01,167.93,10.45,1.45,90.21,3.83,7.0,133.79,244.83
CIT-2023-0003,citrus,Letsitele_D,2023-2024,1,B3,9,23,2024-05-28,KM_01,138.02,13.09,1.41,,5.34,6.0,117.92,244.25
CIT-2023-0003,citrus,Letsitele_D,2023-2024,2,B3,11,14,2024-05-09,KM_01,183.96,10.85,2.02,95.64,4.78,5.0,116.14,229.97
CIT-2023-0003,citrus,Letsitele_D,2023-2024,3,B1,1,2,2024-06-08,TM_02,184.79,11.68,1.87,63.25,5.71,7.0,112.53,227.9
CIT-2023-0004,citrus,Letsitele_D,2023-2024,1,B2,5,19,2024-06-12,TM_02,181.55,10.12,2.01,76.86,3.32,12.0,132.12,233.74
CIT-2023-0004,citrus,Letsitele_D,2023-2024,2,B1,8,13,2024-05-11,KM_01,188.74,,1.48,61.87,3.92,4.0,99.0,227.26
CIT-2023-0004,citrus,Letsitele_D,2023-2024,3,B3,4,15,2024-05-31,KM_01,206.66,,0.79,78.46,4.34,10.0,109.93,220.39
CIT-2023-0005,citrus,Letsitele_D,2023-2024,1,B2,12,23,2024-05-06,KM_01,144.74,12.65,1.35,,2.66,5.0,91.61,253.85
CIT-2023-0005,citrus,Letsitele_D,2023-2024,2,B3,12,19,2024-05-22,KM_01,126.08,10.34,1.78,94.86,4.64,14.0,90.77,244.11
CIT-2023-0005,citrus,Letsitele_D,2023-2024,3,B1,2,9,2024-05-20,KM_01,109.67,9.21,1.79,94.54,3.88,7.0,118.18,
CIT-2023-0006,citrus,Letsitele_D,2023-2024,1,B2,4,1,2024-05-25,TM_02,192.2,10.74,1.32,82.99,3.18,10.0,104.36,209.1
CIT-2023-0006,citrus,Letsitele_D,2023-2024,2,B2,9,23,2024-05-19,KM_01,195.0,11.34,1.44,78.6,4.04,7.0,114.8,201.91
CIT-2023-0006,citrus,Letsitele_D,2023-2024,3,B2,5,11,2024-05-10,TM_02,162.15,9.32,0.76,83.8,4.58,7.0,152.66,232.96
CIT-2023-0007,citrus,Letsitele_D,2023-2024,1,B1,10,18,2024-05-25,KM_01,214.41,12.1,1.63,96.61,4.36,11.0,101.45,252.5
CIT-2023-0007,citrus,Letsitele_D,2023-2024,2,B1,6,13,2024-05-02,KM_01,198.51,10.39,1.63,81.49,5.73,11.0,123.0,265.15
CIT-2023-0007,citrus,Letsitele_D,2023-2024,3,B2,11,23,2024-05-09,KM_01,205.81,11.84,1.25,86.98,3.51,7.0,84.87,248.17
CIT-2023-0008,citrus,Letsitele_D,2023-2024,1,B3,6,8,2024-06-07,TM_02,208.19,10.62,1.09,106.82,5.02,1.0,112.42,247.4
CIT-2023-0008,citrus,Letsitele_D,2023-2024,2,B2,5,18,2024-06-14,TM_01,198.33,12.26,1.42,85.34,4.53,11.0,94.96,234.86
CIT-2023-0008,citrus,Letsitele_D,2023-2024,3,B3,7,2,2024-05-14,TM_02,225.88,10.32,0.84,85.62,4.57,10.0,148.66,223.88
CIT-2023-0009,citrus,Letsitele_D,2023-2024,1,B3,9,24,2024-05-11,TM_01,199.96,10.51,1.73,104.52,6.19,9.0,100.13,242.6
CIT-2023-0009,citrus,Letsitele_D,2023-2024,2,B3,5,24,2024-05-01,TM_02,167.67,11.02,1.51,82.62,4.33,5.0,146.74,252.43
CIT-2023-0009,citrus,Letsitele_D,2023-2024,3,B1,1,5,2024-05-17,TM_02,168.0,9.49,1.4,104.13,4.25,9.0,105.19,269.36
CIT-2023-0010,citrus,Letsitele_D,2023-2024,1,B3,5,3,2024-05-07,TM_02,144.87,10.23,1.97,92.38,5.17,7.0,120.21,241.02
CIT-2023-0010,citrus,Letsitele_D,2023-2024,2,B1,4,15,2024-05-31,KM_01,193.32,11.68,2.16,79.04,4.3,13.0,106.43,207.75
CIT-2023-0010,citrus,Letsitele_D,2023-2024,3,B1,7,4,2024-05-26,TM_02,185.9,8.58,1.23,97.6,3.96,9.0,117.25,226.84
CIT-2023-0011,citrus,Letsitele_D,2023-2024,1,B1,12,18,2024-05-14,KM_01,186.27,12.18,1.56,88.1,4.43,4.0,126.89,235.13
CIT-2023-0011,citrus,Letsitele_D,2023-2024,2,B1,6,1,2024-05-15,TM_02,184.89,10.01,1.9,65.2,4.07,12.0,106.57,241.94
CIT-2023-0011,citrus,Letsitele_D,2023-2024,3,B1,10,23,2024-05-09,TM_01,179.45,10.0,1.38,69.56,3.34,13.0,93.57,229.33
CIT-2023-0012,citrus,Letsitele_D,2023-2024,1,B3,8,7,2024-06-10,TM_02,185.63,13.12,1.59,82.24,5.46,10.0,124.31,245.11
CIT-2023-0012,citrus,Letsitele_D,2023-2024,2,B1,8,8,2024-06-09,TM_01,152.97,13.01,1.28,71.21,5.69,9.0,103.01,242.0
CIT-2023-0012,citrus,Letsitele_D,2023-2024,3,B3,3,13,2024-06-07,TM_01,178.91,12.74,1.04,79.96,4.14,11.0,102.77,253.59
CIT-2023-0013,citrus,Letsitele_D,2023-2024,1,B2,2,7,2024-06-11,TM_01,161.35,13.79,1.15,91.01,4.06,9.0,168.27,222.23
CIT-2023-0013,citrus,Letsitele_D,2023-2024,2,B3,8,20,2024-05-08,TM_01,189.86,13.05,1.82,108.89,,11.0,114.33,241.19
CIT-2023-0013,citrus,Letsitele_D,2023-2024,3,B1,7,15,2024-05-06,TM_02,164.88,8.32,1.19,99.43,5.93,5.0,115.36,229.31
CIT-2023-0014,citrus,Letsitele_D,2023-2024,1,B2,5,23,2024-05-04,TM_02,156.2,10.94,1.49,76.53,5.13,7.0,104.11,247.56
CIT-2023-0014,citrus,Letsitele_D,2023-2024,2,B1,13,9,2024-06-12,TM_02,144.92,10.28,1.17,91.65,3.42,10.0,83.26,264.94
CIT-2023-0014,citrus,Letsitele_D,2023-2024,3,B1,10,17,2024-05-09,TM_01,157.67,9.23,1.42,60.39,3.27,3.0,104.44,265.96
CIT-2023-0015,citrus,Letsitele_D,2023-2024,1,B3,9,22,2024-06-03,KM_01,194.92,11.74,1.39,98.01,4.81,15.0,88.54,235.23
CIT-2023-0015,citrus,Letsitele_D,2023-2024,2,B1,12,18,2024-05-17,TM_01,163.3,10.11,0.79,71.99,4.29,2.0,134.85,240.41
CIT-2023-0015,citrus,Letsitele_D,2023-2024,3,B1,9,20,2024-05-21,KM_01,145.98,11.79,0.6,83.41,4.45,1.0,134.41,217.68
